chr	start	end	number_of_dms	hypermethylated_samples	hypomethylated_samples	methylation_level_EPI.151	methylation_level_EPI.152	methylation_level_EPI.153	methylation_level_EPI.154	methylation_level_EPI.159	methylation_level_EPI.160	methylation_level_EPI.161	methylation_level_EPI.162	methylation_level_EPI.167	methylation_level_EPI.168	methylation_level_EPI.169	methylation_level_EPI.170
Scaffold_01	3532878	3532897	3	EPI-153,EPI-159,EPI-160		0.3	0.463414634146341	0.682926829268293	0.394736842105263	0.8	0.658536585365854	0.333333333333333	0.258064516129032	0.348837209302326	0.361111111111111	0.419354838709677	0.575
Scaffold_01	4578528	4578579	6	EPI-153,EPI-160,EPI-151	EPI-168,EPI-170	0.363636363636364	0.147058823529412	0.405405405405405	0.08	0.0444444444444444	0.146341463414634	0.0447761194029851	0.0740740740740741	0.0925925925925926	0.0344827586206897	0.166666666666667	0.0454545454545455
Scaffold_01	5472875	5472908	4	EPI-151,EPI-153	EPI-159,EPI-168,EPI-167	0.758620689655172	0.625	0.794871794871795	NA	0.34	0.714285714285714	0.588235294117647	NA	0.25	0.306122448979592	NA	0.761904761904762
Scaffold_01	8516640	8516652	4	EPI-154,EPI-151	EPI-168,EPI-167	0.4	NA	0.407407407407407	0.833333333333333	0.34375	0.4	0.333333333333333	NA	0	0.166666666666667	0.2	NA
Scaffold_01	10018552	10018646	3	EPI-168,EPI-162,EPI-169	EPI-151,EPI-154	0.0991735537190083	0.230769230769231	0.198529411764706	0.10126582278481	0.243589743589744	0.313333333333333	0.0212765957446809	0.333333333333333	0.243243243243243	0.352272727272727	0.2890625	0.170731707317073
Scaffold_01	10018698	10018792	4	EPI-153,EPI-159,EPI-160	EPI-168,EPI-167	0.0366492146596859	0.133333333333333	0.130281690140845	0.0366300366300366	0.195876288659794	0.142414860681115	0.087378640776699	0.094017094017094	0.0242825607064018	0.0343511450381679	0.0414364640883978	0.0839416058394161
Scaffold_01	11014443	11014745	6	EPI-151,EPI-152,EPI-153	EPI-160,EPI-169	0.586206896551724	0.697368421052632	0.792682926829268	0.545454545454545	0.612244897959184	0.289256198347107	0.53968253968254	0.3	0.246153846153846	0.585365853658537	0.120481927710843	0.567901234567901
Scaffold_01	11561146	11561193	6	EPI-154,EPI-169,EPI-152		0	0.163265306122449	NA	0.32	NA	0.0253164556962025	0	0	0.0212765957446809	0.028169014084507	0.358974358974359	0.148148148148148
Scaffold_01	11917462	11917637	6	EPI-151,EPI-152	EPI-169,EPI-159,EPI-160,EPI-162	0.971830985915493	0.974358974358974	1	0.7	0.588235294117647	0.661290322580645	0.970588235294118	0.571428571428571	0.672131147540984	1	0.469387755102041	0.923076923076923
Scaffold_01	12227264	12227307	4	EPI-161,EPI-162	EPI-152	0.24390243902439	0.125	0.193548387096774	0.238095238095238	0.0975609756097561	0.209677419354839	0.424657534246575	0.356164383561644	0.233766233766234	0.0869565217391304	0.157894736842105	0.18
Scaffold_01	13375403	13375424	4	EPI-160,EPI-167,EPI-170		0.0645161290322581	0	0.0810810810810811	0.148148148148148	0	0.3	0.03125	0	0.277777777777778	0	0.0816326530612245	0.235294117647059
Scaffold_01	19890908	19890947	3	EPI-152,EPI-153	EPI-161,EPI-160,EPI-162	0.565217391304348	0.658536585365854	0.742857142857143	0.375	0.208333333333333	0.192307692307692	0.12	0.243243243243243	0.304347826086957	0.333333333333333	0.375	0.418604651162791
Scaffold_01	20364550	20364597	4	EPI-153,EPI-151,EPI-160	EPI-170	0.556213017751479	0.421686746987952	0.636986301369863	0.385093167701863	0.314285714285714	0.5	0.453703703703704	0.522058823529412	0.386861313868613	0.482456140350877	0.382022471910112	0.344370860927152
Scaffold_01	21010844	21010866	5	EPI-151,EPI-153	EPI-167,EPI-162	0.897058823529412	0.736842105263158	0.9	NA	0.7	0.794117647058823	NA	0.571428571428571	0.555555555555556	0.830188679245283	0.8	0.689655172413793
Scaffold_01	21445614	21445647	5	EPI-152,EPI-153	EPI-161	0.771929824561403	0.975	0.92156862745098	0.909090909090909	1	1	0.379310344827586	NA	0.74	0.833333333333333	0.833333333333333	1
Scaffold_01	27267717	27267792	7	EPI-169,EPI-167		0	0	0.0428571428571429	0	0	0.13953488372093	0	NA	0.373134328358209	0.105263157894737	0.372549019607843	NA
Scaffold_01	28819114	28819148	3	EPI-151,EPI-154		0.565217391304348	0.2	0.0555555555555556	0.52	0	0.037037037037037	NA	0	0.0476190476190476	0.05	NA	0
Scaffold_01	29744264	29744328	3	EPI-152,EPI-167,EPI-151	EPI-160	0.296296296296296	0.341463414634146	0.0833333333333333	0.0285714285714286	0.0303030303030303	0	0	0.05	0.254237288135593	0.181818181818182	0	0.0588235294117647
Scaffold_01	30599517	30599552	5	EPI-167,EPI-169,EPI-159	EPI-152,EPI-154	0.0833333333333333	0.152542372881356	0	0	0.428571428571429	0.210526315789474	0.166666666666667	0.206896551724138	0.535714285714286	0.434782608695652	0.55	0.260869565217391
Scaffold_01	31195814	31195830	5	EPI-159,EPI-162,EPI-169		0.142857142857143	0.114285714285714	0.1	0.16	0.575757575757576	0.114285714285714	0.4	0.382352941176471	0.2	NA	0.363636363636364	0.08
Scaffold_01	36915460	36915477	3	EPI-167,EPI-168	EPI-152,EPI-154	0.821428571428571	0.574468085106383	0.794117647058823	0.391304347826087	0.833333333333333	0.611111111111111	0.7	0.714285714285714	0.958333333333333	0.911764705882353	0.681818181818182	0.772727272727273
Scaffold_01	37487642	37487765	8	EPI-160,EPI-168,EPI-159,EPI-161,EPI-169	EPI-151,EPI-152,EPI-153,EPI-154	0.0053475935828877	0.0124223602484472	0.0441988950276243	0.0414746543778802	0.766917293233083	0.752988047808765	0.769411764705882	0.647727272727273	0.631067961165049	0.796696315120712	0.690414507772021	0.646757679180887
Scaffold_01	39293213	39293413	3	EPI-168,EPI-170	EPI-151,EPI-153	0.53030303030303	0.842592592592593	0.5	0.852941176470588	1	0.9625	1	0.65625	0.813953488372093	0.952941176470588	0.871794871794872	0.956521739130435
Scaffold_01	43737662	43737715	5	EPI-162,EPI-167,EPI-170	EPI-153,EPI-154,EPI-152	0.449275362318841	0.287878787878788	0.222222222222222	0.146341463414634	0.287671232876712	0.5	0.2	0.671641791044776	0.590909090909091	0.454545454545455	0.559322033898305	0.609756097560976
Scaffold_01	46776004	46776235	14	EPI-153,EPI-151,EPI-154	EPI-168,EPI-169,EPI-170,EPI-160,EPI-159	0.853932584269663	0.681818181818182	0.885714285714286	0.848484848484849	0.578125	0.610526315789474	0.782608695652174	0.690763052208835	0.739285714285714	0.526315789473684	0.597864768683274	0.647342995169082
Scaffold_01	46778719	46778846	4	EPI-151,EPI-153,EPI-154	EPI-167,EPI-162,EPI-169	0.948051948051948	0.80379746835443	0.931297709923664	0.871559633027523	0.851351351351351	0.835714285714286	0.810810810810811	0.788321167883212	0.751552795031056	0.836734693877551	0.761111111111111	0.825757575757576
Scaffold_01	47239732	47239968	8	EPI-159,EPI-168,EPI-160	EPI-151,EPI-152,EPI-153	0.287878787878788	0.488	0.404255319148936	0.684931506849315	0.791666666666667	0.71969696969697	0.909090909090909	0.711111111111111	0.671641791044776	0.756410256410256	0.619565217391304	0.699029126213592
Scaffold_01	48118023	48118035	3	EPI-152,EPI-154	EPI-160,EPI-167	0.823529411764706	0.931034482758621	0.833333333333333	1	0.65625	0.666666666666667	1	0.741935483870968	0.617647058823529	0.882352941176471	0.764705882352941	0.909090909090909
Scaffold_01	50705901	50705967	6	EPI-160,EPI-161	EPI-151,EPI-170	0.4	0.783783783783784	0.617647058823529	0.6875	NA	0.681818181818182	0.88	0.523809523809524	0.696969696969697	0.8	0.714285714285714	0.428571428571429
Scaffold_01	51037206	51037377	14	EPI-170,EPI-168,EPI-161	EPI-152,EPI-154	0.202127659574468	0.130841121495327	0	0.0597014925373134	0.395833333333333	0.149253731343284	0.411347517730496	0	0.246753246753247	0.25	0.164179104477612	0.387931034482759
Scaffold_01	51438402	51438451	6	EPI-160,EPI-162	EPI-167,EPI-154	0.276923076923077	NA	0.347826086956522	0.0689655172413793	NA	0.425531914893617	0	0.372093023255814	0.0266666666666667	0.275	0.131147540983607	NA
Scaffold_01	51854862	51854949	6	EPI-151,EPI-153	EPI-160,EPI-162,EPI-168	0.356807511737089	0.0259067357512953	0.307692307692308	0.0230769230769231	0.0258620689655172	0.0219178082191781	0.0297029702970297	0.0226244343891403	0.0423728813559322	0.0230263157894737	0.0253164556962025	0.0382513661202186
Scaffold_01	55448739	55448762	3	EPI-159,EPI-167,EPI-169	EPI-151	0.466666666666667	0.756756756756757	0.565217391304348	0.571428571428571	1	1	0.6	NA	1	0.941176470588235	1	0.636363636363636
Scaffold_01	55953492	55953642	5	EPI-151,EPI-153	EPI-159,EPI-167,EPI-170,EPI-162	0.740506329113924	0.747126436781609	0.851485148514851	0.717948717948718	0.209302325581395	0.585365853658537	0.757575757575758	0.564516129032258	0.309859154929577	0.586206896551724	0.518518518518518	0.36046511627907
Scaffold_01	57599156	57599196	4	EPI-169,EPI-160,EPI-167	EPI-154,EPI-152	0.666666666666667	0.16	0.482758620689655	0.0416666666666667	0.72	1	NA	0.8	0.75609756097561	0.5	0.818181818181818	0.8
Scaffold_01	66291989	66292511	10	EPI-152,EPI-161,EPI-159	EPI-169,EPI-170,EPI-168	0.4375	0.856164383561644	0.428571428571429	0.8	0.365384615384615	0.472972972972973	1	0.454545454545455	0.592592592592593	0.311688311688312	0.308411214953271	0.415384615384615
Scaffold_01	67046175	67046218	3	EPI-160,EPI-162	EPI-154,EPI-168	0.846153846153846	1	0.689655172413793	0.595238095238095	0.75609756097561	1	0.925925925925926	1	0.848484848484849	0.580645161290323	0.5	0.826086956521739
Scaffold_01	69881976	69882003	5	EPI-152,EPI-154	EPI-160,EPI-169	0.318181818181818	0.283018867924528	0.114754098360656	0.615384615384615	0.133333333333333	0.0779220779220779	0.163265306122449	0.227848101265823	0.116279069767442	0.229007633587786	0.03125	0.161290322580645
Scaffold_01	80038566	80038596	3	EPI-167,EPI-169	EPI-153,EPI-151	0.032258064516129	0.26	0	0.2	0.103448275862069	0.125	0.114285714285714	NA	0.361111111111111	0.230769230769231	0.608695652173913	NA
Scaffold_01	81320688	81320719	4	EPI-167,EPI-170		0	0	0	0.0645161290322581	0	0.0555555555555556	0	0.0178571428571429	0.214285714285714	0.00934579439252336	0.113636363636364	0.166666666666667
Scaffold_01	82665918	82665940	4	EPI-170,EPI-169	EPI-153,EPI-161,EPI-152	0.894308943089431	0.761904761904762	0.789808917197452	0.885057471264368	0.819444444444444	0.884955752212389	0.711111111111111	0.754716981132076	0.86046511627907	0.819047619047619	0.981132075471698	0.954545454545455
Scaffold_01	85045393	85045421	4	EPI-169,EPI-170		0.2	0	0.212121212121212	NA	0	0	0	0	NA	0	0.258064516129032	0.314285714285714
Scaffold_01	85657112	85657139	4	EPI-167,EPI-169	EPI-151,EPI-161,EPI-152	0.764705882352941	0.7	0.96969696969697	0.740740740740741	0.647058823529412	0.837837837837838	0.628571428571429	1	1	0.926829268292683	1	0.75
Scaffold_01	87070504	87070588	5	EPI-160,EPI-159	EPI-168,EPI-151	0.0161290322580645	0.14	0	0.147058823529412	0.315789473684211	0.636363636363636	0.0714285714285714	0.137931034482759	0.140350877192982	0.0166666666666667	0	0.25
Scaffold_01	89611240	89611250	4	EPI-151,EPI-154,EPI-168		0.376811594202899	0.261904761904762	0.181818181818182	0.441176470588235	NA	0.196078431372549	0.0967741935483871	0.135135135135135	0.228070175438596	0.456521739130435	0.0967741935483871	0.1875
Scaffold_02	4050100	4050131	4	EPI-153,EPI-159,EPI-160	EPI-168	0.636363636363636	0.523076923076923	0.755813953488372	0.584745762711864	0.705882352941177	0.729508196721312	0.509615384615385	0.43956043956044	0.545454545454545	0.300970873786408	0.461538461538462	0.48
Scaffold_02	4664558	4664590	3	EPI-151,EPI-152,EPI-169	EPI-161	0.689655172413793	0.681818181818182	NA	0.210526315789474	NA	0.5	0.0526315789473684	0.233333333333333	0.411764705882353	0.291666666666667	0.8	0.214285714285714
Scaffold_02	5289661	5289773	6	EPI-168,EPI-167		0.040650406504065	0.169491525423729	0	0.0363636363636364	NA	0.0192307692307692	0.0588235294117647	0.0666666666666667	0.166666666666667	0.2	NA	0
Scaffold_02	5679316	5679340	4	EPI-152,EPI-151	EPI-169	1	0.818181818181818	NA	0.4	NA	0.705882352941177	0.5625	0.8	0.363636363636364	NA	0.184210526315789	0.533333333333333
Scaffold_02	6759256	6759462	7	EPI-154,EPI-152	EPI-160,EPI-161	0.57843137254902	0.700729927007299	0.96	0.787037037037037	0.717647058823529	0.559633027522936	0.462962962962963	0.620689655172414	0.773809523809524	0.63	0.571428571428571	0.61
Scaffold_02	9779338	9779741	10	EPI-151,EPI-153,EPI-154	EPI-167,EPI-160,EPI-161	0.611111111111111	0.3125	0.629032258064516	0.754716981132076	NA	0.355140186915888	0.12	0.369565217391304	0.196078431372549	0.580645161290323	0.466666666666667	0.253731343283582
Scaffold_02	11505113	11505136	4	EPI-162,EPI-167,EPI-169		0	0	NA	0	0	0	NA	0.266666666666667	0.259259259259259	0	0.194444444444444	0
Scaffold_02	12433887	12433985	5	EPI-151,EPI-153	EPI-160,EPI-161,EPI-162,EPI-167,EPI-170,EPI-168	0.592233009708738	NA	0.647540983606557	0	0	0	0	0	0.0344827586206897	0	NA	0.0192307692307692
Scaffold_02	19489876	19489910	5	EPI-152,EPI-153	EPI-160	0.3	0.52	0.407407407407407	NA	NA	0.024390243902439	0.136363636363636	0	0.272727272727273	0.0625	NA	0.0967741935483871
Scaffold_02	19813488	19813508	5	EPI-151,EPI-154	EPI-159,EPI-161,EPI-168	0.538461538461538	0.05	0.255813953488372	0.305882352941176	0	0.241379310344828	0	0.239130434782609	0	0.024390243902439	0.153846153846154	0.135135135135135
Scaffold_02	39599107	39599361	10	EPI-152,EPI-161,EPI-162,EPI-167		0.0072202166064982	0.145228215767635	0	0	0	0.00497512437810945	0.1484375	0.0823529411764706	0.181451612903226	0.00353356890459364	0	0.0078125
Scaffold_02	40173262	40173310	13	EPI-152,EPI-159,EPI-162		0.0151515151515152	0.15	0.00632911392405063	0	0.0689655172413793	0.00520833333333333	0	0.0927835051546392	0.00505050505050505	0.0174418604651163	0.0344827586206897	0
Scaffold_02	42347780	42347802	4	EPI-160,EPI-161	EPI-153	0.285714285714286	0.134615384615385	0.0185185185185185	0.129032258064516	0.157894736842105	0.404255319148936	0.454545454545455	0.24	0.142857142857143	0.136363636363636	0.0833333333333333	0.0625
Scaffold_02	42810600	42810725	8	EPI-152,EPI-153,EPI-170		0.0727272727272727	0.275641025641026	0.284313725490196	0.0574712643678161	0.142857142857143	0.0307692307692308	0.0416666666666667	0.0108695652173913	0.0933333333333333	0.0888888888888889	0.064	0.193181818181818
Scaffold_02	44131382	44131406	4	EPI-151,EPI-160,EPI-161,EPI-159	EPI-167,EPI-170	0.96551724137931	0.739130434782609	0.636363636363636	NA	0.943396226415094	0.906976744186046	0.974358974358974	NA	0.466666666666667	0.833333333333333	0.8	0.457142857142857
Scaffold_02	47298599	47298661	5	EPI-160,EPI-152,EPI-154,EPI-161	EPI-169,EPI-168	0.368983957219251	0.582914572864322	0.432432432432432	0.565573770491803	0.477611940298507	0.607843137254902	0.705128205128205	0.482758620689655	0.344	0.338461538461538	0.333333333333333	0.361538461538462
Scaffold_02	47300778	47300897	6	EPI-152,EPI-151	EPI-161,EPI-168	0.545454545454545	0.630434782608696	0.505555555555556	0.466666666666667	0.37956204379562	0.359259259259259	0.258928571428571	0.416216216216216	0.433691756272401	0.282685512367491	0.469298245614035	0.344827586206897
Scaffold_02	49504134	49504165	3	EPI-161,EPI-168,EPI-170,EPI-152		0	0.195121951219512	0.13953488372093	0.130434782608696	0	0.0256410256410256	0.36	0	0.0555555555555556	0.259259259259259	0.0571428571428571	0.291666666666667
Scaffold_02	52640085	52640139	5	EPI-167,EPI-170		0.0232558139534884	0	0	0	0.1	0.0416666666666667	0	0.00925925925925926	0.149425287356322	0.0731707317073171	0.119047619047619	0.224489795918367
Scaffold_02	52933664	52933707	3	EPI-151,EPI-170,EPI-154	EPI-160	0.4375	0.0434782608695652	0.260869565217391	0.5	0.0526315789473684	0.0487804878048781	NA	0	NA	0.19047619047619	0.0344827586206897	0.5
Scaffold_02	53733540	53733599	6	EPI-160,EPI-162	EPI-152	0.533333333333333	0.40625	0.554054054054054	NA	NA	0.875	0.695652173913043	0.848484848484849	0.705882352941177	0.479166666666667	0.659090909090909	0.642857142857143
Scaffold_02	55465497	55465579	8	EPI-168,EPI-160,EPI-169,EPI-162		0.1	0.037037037037037	0.0645161290322581	NA	0	0.488372093023256	0	0.294117647058824	0.046875	0.18	0.4	0.0789473684210526
Scaffold_02	56835195	56835319	4	EPI-167,EPI-169		0.0185185185185185	0	0.0144927536231884	0.0256410256410256	0	0.309859154929577	0	0.183673469387755	0.556521739130435	0.0740740740740741	0.484848484848485	0
Scaffold_02	57125459	57125480	3	EPI-159,EPI-160	EPI-167	0.75	0.68	1	1	0.931034482758621	0.954545454545455	0.875	0.7	0.210526315789474	1	0.705882352941177	0.526315789473684
Scaffold_02	61623781	61623797	3	EPI-154,EPI-170,EPI-167	EPI-162	0.590909090909091	0.875	0.666666666666667	1	0.954545454545455	0.777777777777778	0.80952380952381	0.523809523809524	0.875	0.783783783783784	1	1
Scaffold_02	63035303	63035393	4	EPI-160,EPI-169,EPI-170	EPI-152	0.0588235294117647	0.0217391304347826	0.0526315789473684	0	0	0.270491803278689	0	0.170731707317073	0.172839506172839	0.0317460317460317	0.169491525423729	0.258620689655172
Scaffold_02	65159212	65159298	3	EPI-152,EPI-153	EPI-169,EPI-160	0.739130434782609	0.735294117647059	0.775700934579439	0.732142857142857	0.584158415841584	0.581967213114754	0.746478873239437	0.633802816901408	0.588785046728972	0.682692307692308	0.525252525252525	0.63963963963964
Scaffold_02	65515638	65515684	9	EPI-169,EPI-168	EPI-162	0.10377358490566	0	0	0.0491803278688525	0.0649350649350649	0.0412371134020619	0.0161290322580645	0	0.0581395348837209	0.32	0.152173913043478	0.037037037037037
Scaffold_02	67899718	67899834	7	EPI-152,EPI-154	EPI-170,EPI-160	0.130681818181818	0.283333333333333	0.263636363636364	0.232558139534884	0.205128205128205	0.107142857142857	0.25625	0.217391304347826	0.208092485549133	0.105590062111801	0.225274725274725	0.0558659217877095
Scaffold_02	69503705	69503742	5	EPI-151,EPI-152	EPI-167,EPI-168	0.718446601941748	0.709090909090909	0.686868686868687	0.675438596491228	0.553191489361702	0.617142857142857	0.547008547008547	0.474747474747475	0.335820895522388	0.462962962962963	0.543689320388349	0.551020408163265
Scaffold_02	69504821	69504885	8	EPI-151,EPI-153,EPI-161,EPI-162	EPI-167,EPI-169	0.625	0.515723270440252	0.579710144927536	0.440944881889764	0.535353535353535	0.47887323943662	0.595238095238095	0.707142857142857	0.25130890052356	0.527363184079602	0.375	0.421052631578947
Scaffold_02	69505476	69505528	9	EPI-152,EPI-160,EPI-162,EPI-153	EPI-167,EPI-168	0.409090909090909	0.433333333333333	0.666666666666667	0.377049180327869	0.425925925925926	0.571428571428571	0.547619047619048	0.666666666666667	0.260869565217391	0.279569892473118	0.329113924050633	0.436363636363636
Scaffold_02	69508458	69508524	6	EPI-159,EPI-161	EPI-152,EPI-153,EPI-167	0.735849056603774	0.304878048780488	0.455882352941176	0.673076923076923	0.757142857142857	0.611842105263158	0.8	0.72	0.282051282051282	0.483333333333333	0.717647058823529	0.69
Scaffold_03	1472880	1472953	3	EPI-153,EPI-161,EPI-152		0.102325581395349	0.154440154440154	0.189655172413793	0.0235294117647059	0	0.027972027972028	0.205882352941176	0.00793650793650794	0.0437158469945355	0.0123456790123457	0.0232558139534884	0.00555555555555556
Scaffold_03	4044198	4044431	3	EPI-160,EPI-162,EPI-167	EPI-154	0.681818181818182	0.291666666666667	0.733333333333333	0.12	0.434782608695652	0.818181818181818	0.588235294117647	1	1	0.578947368421053	0.833333333333333	0.408163265306122
Scaffold_03	8004979	8005051	10	EPI-151,EPI-152	EPI-161,EPI-168,EPI-170	0.555555555555556	0.607142857142857	0.371428571428571	NA	0.314814814814815	0.409090909090909	0.027027027027027	NA	0.530120481927711	0.155555555555556	0.275	0.211538461538462
Scaffold_03	9199880	9199921	5	EPI-161,EPI-160	EPI-170,EPI-151	0.0571428571428571	0.2	0.4	0.12	0.266666666666667	0.51219512195122	0.65	0.166666666666667	0.24	0.466666666666667	0.361111111111111	0.0408163265306122
Scaffold_03	11329491	11329681	7	EPI-159,EPI-162	EPI-169,EPI-168,EPI-170	0.209302325581395	0.8	0.352941176470588	0.2	0.769230769230769	0.4	0.05	0.933333333333333	0.533333333333333	0	0.258620689655172	0
Scaffold_03	14667508	14667718	4	EPI-152,EPI-154,EPI-168	EPI-162	0.05	0.666666666666667	0.32	0.59375	0.263157894736842	0.375	0.166666666666667	0.194444444444444	0.236842105263158	0.594594594594595	0.1	0.208333333333333
Scaffold_03	16160250	16160292	4	EPI-153,EPI-154	EPI-162,EPI-168	0.414634146341463	0.355072463768116	0.560975609756098	0.481481481481481	0.226086956521739	0.348039215686274	0.346153846153846	0.204724409448819	0.374301675977654	0.2	0.24	0.285714285714286
Scaffold_03	19886059	19886086	4	EPI-159,EPI-160	EPI-154	0.648648648648649	0.634920634920635	0.769230769230769	0.4	1	0.765957446808511	0.821428571428571	0.655172413793103	0.564102564102564	0.764705882352941	0.714285714285714	0.75
Scaffold_03	20885796	20885817	4	EPI-167,EPI-168	EPI-151	0.317073170731707	0.48780487804878	0.608695652173913	0.5	0.763157894736842	0.5	0.846153846153846	NA	0.862068965517241	0.84	0.769230769230769	0.638297872340426
Scaffold_03	21418336	21418400	7	EPI-151,EPI-153	EPI-168,EPI-161	0.333333333333333	0.16793893129771	0.210526315789474	0.133333333333333	0.0625	0.178947368421053	0	0.0540540540540541	0.197368421052632	0.02	0.072463768115942	0.0857142857142857
Scaffold_03	21766551	21766582	5	EPI-153,EPI-151,EPI-154,EPI-160	EPI-168	0.65	0.384615384615385	0.632352941176471	0.69811320754717	0.529411764705882	0.608108108108108	0.38	0.454545454545455	0.510204081632653	0.133333333333333	0.383561643835616	0.526315789473684
Scaffold_03	22328507	22328520	3	EPI-151,EPI-152	EPI-167	1	0.972222222222222	NA	0.71875	0.869565217391304	0.709677419354839	0.826086956521739	0.818181818181818	0.388888888888889	0.85	0.555555555555556	0.740740740740741
Scaffold_03	23897797	23897821	5	EPI-162,EPI-167,EPI-169		0.0105263157894737	0	0.0277777777777778	0.0123456790123457	0.0181818181818182	0	0.0158730158730159	0.24	0.16	0	0.138461538461538	0
Scaffold_03	25764259	25764281	4	EPI-161,EPI-159,EPI-152	EPI-169,EPI-167	0.736842105263158	1	1	0.857142857142857	0.821428571428571	0.882352941176471	0.857142857142857	1	0.333333333333333	0.785714285714286	0.333333333333333	0.875
Scaffold_03	26070596	26070750	4	EPI-153,EPI-151	EPI-160,EPI-161	0.0721830985915493	0.0155642023346304	0.0944309927360775	0.052064631956912	0.01	0.0306451612903226	0.0169133192389006	0.0652985074626866	0.047554347826087	0.0264900662251656	0.048951048951049	0.0255255255255255
Scaffold_03	28868033	28868507	13	EPI-151,EPI-153,EPI-154	EPI-160,EPI-167,EPI-168,EPI-162	0.896551724137931	0.547619047619048	0.881578947368421	0.834710743801653	NA	0.0315789473684211	0.574074074074074	0.681159420289855	0.559633027522936	0.0181818181818182	0	0.706896551724138
Scaffold_03	28901726	28901764	7	EPI-151,EPI-154	EPI-168,EPI-161	0.741935483870968	0.483870967741935	0.446153846153846	0.540983606557377	NA	0.333333333333333	0.2	0.354838709677419	0.369230769230769	0.108108108108108	0.360655737704918	0.375
Scaffold_03	31853326	31853450	4	EPI-152,EPI-151	EPI-170	0.553571428571429	0.527777777777778	0.195652173913043	0.315789473684211	0.292682926829268	0.0967741935483871	0.269230769230769	0.136363636363636	0.134615384615385	0.105263157894737	0.155555555555556	0.0909090909090909
Scaffold_03	32920630	32920763	5	EPI-160,EPI-162	EPI-167,EPI-152,EPI-168	0.740131578947368	0.635673624288425	0.778508771929825	0.755263157894737	0.773399014778325	0.778337531486146	0.719047619047619	0.784090909090909	0.556122448979592	0.611353711790393	0.718832891246684	0.691029900332226
Scaffold_03	32921237	32921273	5	EPI-159,EPI-160	EPI-170	0.540322580645161	0.459459459459459	0.587628865979381	0.426470588235294	0.729166666666667	0.700934579439252	0.411764705882353	0.461538461538462	0.428571428571429	0.4375	0.569620253164557	0.25
Scaffold_03	35837341	35837468	6	EPI-152,EPI-151	EPI-168	0.725	0.785185185185185	0.580357142857143	0.651785714285714	0.565217391304348	0.693877551020408	0.519607843137255	0.537634408602151	0.743119266055046	0.447761194029851	0.661971830985915	0.65
Scaffold_03	36950042	36950064	3	EPI-169,EPI-167	EPI-152	0.615384615384615	0.235294117647059	0.666666666666667	NA	NA	0.6875	0.588235294117647	1	1	0.92	0.882352941176471	0.529411764705882
Scaffold_03	37648597	37648619	3	EPI-151,EPI-152,EPI-154	EPI-160,EPI-162,EPI-169	0.368421052631579	0.342857142857143	0.285714285714286	0.4	0.0930232558139535	0.113861386138614	0.236842105263158	0.0842105263157895	0.148760330578512	0.201612903225806	0.0610687022900763	0.221238938053097
Scaffold_03	37947250	37947366	4	EPI-152,EPI-151,EPI-154	EPI-169,EPI-160	0.983333333333333	1	1	0.842105263157895	1	0.547619047619048	0.714285714285714	0.782608695652174	0.741935483870968	0.702127659574468	0.482142857142857	0.804347826086957
Scaffold_03	38314464	38315080	26	EPI-151,EPI-153	EPI-167,EPI-160,EPI-159	0.604743083003953	0.280701754385965	0.488888888888889	0.303030303030303	0.270833333333333	0.0656934306569343	0.225	0.0833333333333333	0.112582781456954	0.358208955223881	0.0357142857142857	0.148936170212766
Scaffold_03	39820965	39820998	4	EPI-168,EPI-170	EPI-151,EPI-153,EPI-152	0.266666666666667	0.4	0.166666666666667	NA	0.8	0.757575757575758	0.741935483870968	0.653846153846154	0.72	0.84375	0.4	0.9375
Scaffold_03	39846269	39846310	5	EPI-151,EPI-153	EPI-169,EPI-170,EPI-160	0.984848484848485	0.764705882352941	1	0.971428571428571	0.952380952380952	0.725490196078431	0.8	NA	0.913793103448276	0.775862068965517	0.657534246575342	0.72
Scaffold_03	40807152	40807218	6	EPI-159,EPI-160,EPI-169	EPI-151,EPI-153,EPI-152	0.465753424657534	0.602941176470588	0.550724637681159	0.7	0.883720930232558	0.929824561403509	0.821428571428571	0.733333333333333	0.583333333333333	0.733333333333333	0.91304347826087	0.606060606060606
Scaffold_03	40977028	40977119	5	EPI-169,EPI-167	EPI-154,EPI-153	0.659090909090909	0.695652173913043	0.545454545454545	0.384615384615385	0.5625	0.7	NA	0.944444444444444	0.885714285714286	0.849056603773585	0.947368421052632	0.86046511627907
Scaffold_03	42760824	42761126	6	EPI-154,EPI-160,EPI-161	EPI-167	0.126126126126126	0.28	0.226666666666667	0.367924528301887	0.216981132075472	0.347107438016529	0.333333333333333	0.136363636363636	0	0.234234234234234	0.20353982300885	0.272727272727273
Scaffold_03	45608255	45608562	4	EPI-168,EPI-170,EPI-154	EPI-160	0.032258064516129	0.00925925925925926	0	0.342592592592593	0	0	0.0158730158730159	0.0909090909090909	0.0336134453781513	0.0149253731343284	0.033112582781457	0.36046511627907
Scaffold_03	48500326	48500337	3	EPI-153,EPI-154		0	0.0172413793103448	0.0625	0.0588235294117647	0.0204081632653061	0	0	0	0	0	0	0
Scaffold_03	49148466	49148552	4	EPI-151,EPI-153	EPI-170	0.647727272727273	0.325581395348837	0.639175257731959	0.307692307692308	0.304347826086957	0.416666666666667	0.28125	0.36046511627907	0.442307692307692	0.3375	0.394736842105263	0.1875
Scaffold_03	49243062	49243155	4	EPI-151,EPI-153,EPI-162	EPI-168,EPI-170	0.764705882352941	NA	0.705882352941177	0.024390243902439	NA	0	0.0238095238095238	0.398305084745763	NA	0	0	0.0133333333333333
Scaffold_03	49914099	49914200	11	EPI-151,EPI-154,EPI-153	EPI-162,EPI-167,EPI-170	0.298534798534799	0.238636363636364	0.21577380952381	0.266778523489933	0.172494172494172	0.231007751937985	0.208762886597938	0.0938215102974828	0.0912476722532588	0.235941320293399	0.160516605166052	0.144654088050314
Scaffold_03	50316603	50316633	5	EPI-151,EPI-153		0.241379310344828	0	0.131147540983607	0.0508474576271186	0	0	0	0.05	0	0	0	0
Scaffold_03	50425163	50425187	3	EPI-160,EPI-161	EPI-151	0.1	0.553191489361702	0.3	0.482758620689655	0.571428571428571	0.705882352941177	0.678571428571429	0.461538461538462	0.28125	0.394736842105263	0.314285714285714	0.458333333333333
Scaffold_03	50771543	50771644	5	EPI-151,EPI-152,EPI-154	EPI-169,EPI-160,EPI-161,EPI-162	0.402439024390244	0.441379310344828	0.239669421487603	0.3625	0.23728813559322	0.0357142857142857	0.1	0.0285714285714286	0.04	0.137254901960784	0.0375	0.275
Scaffold_03	51795556	51795833	9	EPI-160,EPI-167,EPI-169	EPI-152,EPI-151,EPI-154	0.0151515151515152	0.00602409638554217	0.0434782608695652	0	NA	0.4	0	0.0227272727272727	0.352941176470588	0	0.35	0
Scaffold_03	52536938	52537038	4	EPI-152,EPI-153	EPI-160	0.0606060606060606	0.217687074829932	0.17	0.040983606557377	0	0.00602409638554217	0.130434782608696	0.087248322147651	0.0471204188481675	0.0535714285714286	0.0833333333333333	0.0808823529411765
Scaffold_03	52925200	52925281	3	EPI-151,EPI-154	EPI-160,EPI-159,EPI-169	1	0.722222222222222	0.923076923076923	0.967741935483871	0.571428571428571	0.525	0.947368421052632	0.904761904761905	0.6	0.72	0.708333333333333	1
Scaffold_03	54609849	54609909	6	EPI-153,EPI-170,EPI-151	EPI-162	0.253164556962025	0.117886178861789	0.445497630331754	0.141463414634146	0.0970149253731343	0.160919540229885	0.106060606060606	0.0662983425414365	0.120879120879121	0.178947368421053	0.10880829015544	0.26984126984127
Scaffold_04	7763357	7763381	3	EPI-152,EPI-154,EPI-162	EPI-168	0.6	1	0.5	0.952380952380952	NA	0.666666666666667	0.6	0.923076923076923	0.676470588235294	0	0.590909090909091	0.666666666666667
Scaffold_04	11400759	11400906	10	EPI-167,EPI-170,EPI-153		0.0411764705882353	0	0.0826086956521739	0.0422535211267606	0.0152671755725191	0	0.0210526315789474	0.0549450549450549	0.054140127388535	0.00823045267489712	0.0410958904109589	0.0845070422535211
Scaffold_04	11765268	11765301	3	EPI-153,EPI-154	EPI-159,EPI-161,EPI-162	0.631578947368421	0.727272727272727	0.953488372093023	0.948717948717949	0.5	0.878048780487805	0.538461538461538	0.5	0.736842105263158	NA	0.916666666666667	0.545454545454545
Scaffold_04	12714248	12714355	5	EPI-151,EPI-152,EPI-169	EPI-160,EPI-162	0.966216216216216	0.983957219251337	0.893719806763285	0.96078431372549	0.904761904761905	0.743055555555556	0.931297709923664	0.813333333333333	0.961904761904762	0.933774834437086	0.940677966101695	0.911111111111111
Scaffold_04	12965231	12965248	3	EPI-152,EPI-153	EPI-170	0.6	0.956521739130435	0.953488372093023	0.657142857142857	0.828571428571429	0.805555555555556	0.923076923076923	NA	0.769230769230769	0.787878787878788	0.666666666666667	0.542857142857143
Scaffold_04	13680405	13680449	5	EPI-160,EPI-162	EPI-153	0.513157894736842	0.35	0.17910447761194	0.304347826086957	NA	0.745454545454545	0.461538461538462	0.666666666666667	0.274193548387097	0.454545454545455	0.35	0.4
Scaffold_04	15156238	15156273	5	EPI-152,EPI-160,EPI-159	EPI-167,EPI-168	0.488	0.705882352941177	0.517241379310345	0.440366972477064	0.609195402298851	0.666666666666667	0.333333333333333	0.525423728813559	0.28695652173913	0.226190476190476	0.388349514563107	0.422222222222222
Scaffold_04	16024347	16024467	5	EPI-154,EPI-153	EPI-161,EPI-162,EPI-160,EPI-167,EPI-169	1	0.871794871794872	0.939759036144578	0.968421052631579	0.945454545454545	0.697674418604651	0.6875	0.7	0.80952380952381	0.851851851851852	0.775510204081633	0.897435897435897
Scaffold_04	16342246	16342341	4	EPI-152,EPI-153	EPI-161,EPI-170,EPI-168	0.630630630630631	0.8515625	0.763636363636364	0.728260869565217	0.80327868852459	0.801282051282051	0.60952380952381	0.737704918032787	0.681818181818182	0.737588652482269	0.752808988764045	0.606382978723404
Scaffold_04	17146596	17146711	3	EPI-160,EPI-162	EPI-153,EPI-154,EPI-168	0.00508905852417303	0.0237580993520518	0.00950118764845606	0.00867052023121387	0.0558659217877095	0.106194690265487	0.0441176470588235	0.0946502057613169	0.0758620689655172	0.00298507462686567	0.054140127388535	0.0602409638554217
Scaffold_04	17292573	17292604	6	EPI-151,EPI-160,EPI-153		0.238095238095238	0.0192307692307692	0.169491525423729	0	0.0526315789473684	0.241935483870968	0.0256410256410256	0.0169491525423729	0.0238095238095238	0.131147540983607	0	0
Scaffold_04	18575227	18575257	3	EPI-168,EPI-169	EPI-162,EPI-160	0.310344827586207	0.352941176470588	0.195121951219512	0.222222222222222	0.111111111111111	0.0454545454545455	0.352941176470588	0.025	0.307692307692308	0.36	0.4	0.170212765957447
Scaffold_04	19452576	19452699	6	EPI-153,EPI-154,EPI-152	EPI-161,EPI-159,EPI-167,EPI-169	0.439024390243902	0.515151515151515	0.703703703703704	0.590909090909091	0.06	0.291666666666667	0.317647058823529	0.529411764705882	0.2	0.321428571428571	0.237113402061856	0.526315789473684
Scaffold_04	20146787	20146810	3	EPI-151,EPI-152	EPI-162,EPI-168	0.702127659574468	0.737051792828685	0.540540540540541	0.710743801652893	0.727272727272727	0.582978723404255	0.563829787234043	0.35632183908046	0.610619469026549	0.491017964071856	0.596590909090909	0.642857142857143
Scaffold_04	21200795	21200808	3	EPI-152,EPI-154	EPI-168	0.37037037037037	0.384615384615385	0.04	0.428571428571429	NA	0.0714285714285714	0.266666666666667	0.166666666666667	NA	0	0	0.185185185185185
Scaffold_04	21263572	21263653	6	EPI-151,EPI-153		0.227586206896552	0	0.142857142857143	0.00561797752808989	0.012987012987013	0.0140845070422535	0	0	0.0186915887850467	0	0	0.00613496932515337
Scaffold_04	29226401	29226484	14	EPI-151,EPI-153	EPI-170	0.655172413793103	NA	0.68	0.434782608695652	0.461538461538462	0.521531100478469	0.428571428571429	0.422077922077922	0.474452554744526	0.557692307692308	NA	0.00833333333333333
Scaffold_04	30417827	30417911	4	EPI-168,EPI-161,EPI-169		0.00819672131147541	0	0.0454545454545455	0.0137931034482759	0.012987012987013	0	0.133333333333333	0.099009900990099	0.0679012345679012	0.181818181818182	0.106666666666667	0.00675675675675676
Scaffold_04	31053433	31053667	8	EPI-153,EPI-151		0.225274725274725	0.0491803278688525	0.378378378378378	0.0526315789473684	0.0465116279069767	0.0122699386503067	0.0779220779220779	0.0704225352112676	0.0647058823529412	0.127659574468085	0.0704225352112676	0.055045871559633
Scaffold_04	31879023	31879051	5	EPI-153,EPI-154	EPI-170	0.407407407407407	0.210526315789474	0.530612244897959	0.440677966101695	0.392857142857143	0.203389830508475	0.35	0.25	0.103448275862069	0.25	0.355555555555556	0.133333333333333
Scaffold_04	33416049	33416070	3	EPI-160,EPI-162,EPI-169	EPI-151	0.351351351351351	0.75	0.666666666666667	0.621621621621622	0.666666666666667	0.958333333333333	0.941176470588235	0.931034482758621	NA	0.571428571428571	0.833333333333333	0.45
Scaffold_04	34777439	34777461	3	EPI-151,EPI-154,EPI-169	EPI-160,EPI-161	1	0.684210526315789	0.826086956521739	0.96969696969697	NA	0.5	0.277777777777778	1	0.794117647058823	0.590909090909091	0.966666666666667	0.842105263157895
Scaffold_04	42841656	42841669	3	EPI-152,EPI-154	EPI-159	0.232758620689655	0.307086614173228	0.120689655172414	0.268041237113402	0	0.228260869565217	0.0967741935483871	0.186046511627907	0.133333333333333	0.173333333333333	0.0909090909090909	0.117021276595745
Scaffold_04	45510343	45510386	3	EPI-152,EPI-154,EPI-151	EPI-167,EPI-168	0.587719298245614	0.552238805970149	0.491228070175439	0.690140845070423	0.558441558441558	0.428571428571429	0.484375	0.519607843137255	0.355555555555556	0.421052631578947	0.444444444444444	0.485981308411215
Scaffold_04	45511269	45511334	5	EPI-152,EPI-153,EPI-154,EPI-159	EPI-168,EPI-170,EPI-169	0.547413793103448	0.824242424242424	0.77027027027027	0.748299319727891	0.76	0.605911330049261	0.534246575342466	0.624161073825503	0.655963302752294	0.463276836158192	0.513812154696133	0.519553072625698
Scaffold_04	49794752	49794843	6	EPI-159,EPI-152,EPI-153	EPI-168,EPI-170	0.0798403193612774	0.146341463414634	0.132911392405063	0.110749185667752	0.341968911917098	0.0802292263610315	0.0711864406779661	0.0648148148148148	0.104255319148936	0.00824175824175824	0.0947368421052632	0.0355805243445693
Scaffold_04	49828088	49828325	7	EPI-154,EPI-152	EPI-162,EPI-167,EPI-168	0.137440758293839	0.172143974960876	0.153153153153153	0.204355108877722	0.167420814479638	0.161425576519916	0.14759535655058	0.10983606557377	0.0902394106813996	0.0930888575458392	0.126470588235294	0.153089887640449
Scaffold_04	51813021	51813025	3	EPI-151,EPI-154,EPI-159		0.783333333333333	0.464285714285714	0.555555555555556	0.8	0.780487804878049	0.473684210526316	0.517241379310345	0.40625	0.617021276595745	0.5	0.48	0.487179487179487
Scaffold_04	53030158	53030195	4	EPI-154,EPI-167,EPI-168		0	0.0166666666666667	0	0.146341463414634	0.04	0	0	0	0.0769230769230769	0.0660377358490566	0	0
Scaffold_04	57395673	57395700	4	EPI-152,EPI-151	EPI-167	0.714285714285714	0.741935483870968	0.65625	0.482758620689655	NA	0.703703703703704	0.7	0.428571428571429	0.230769230769231	0.371428571428571	0.5	0.466666666666667
Scaffold_04	57956410	57956623	7	EPI-152,EPI-153	EPI-167,EPI-169,EPI-160	0.650717703349282	0.780821917808219	0.677966101694915	0.65546218487395	0.610687022900763	0.538126361655773	0.68	0.697247706422018	0.650429799426934	0.735555555555556	0.554298642533937	0.671875
Scaffold_04	64970832	64970849	3	EPI-151,EPI-154	EPI-161,EPI-167	0.94	0.837837837837838	0.769230769230769	0.931034482758621	0.666666666666667	0.826086956521739	0.333333333333333	0.75	0.473684210526316	0.638888888888889	0.941176470588235	0.782608695652174
Scaffold_05	1934127	1934161	3	EPI-159,EPI-161	EPI-170	0.376623376623377	0.430769230769231	0.631578947368421	0.597014925373134	0.84	0.445652173913043	0.779220779220779	0.465909090909091	0.472527472527473	0.430769230769231	0.552631578947368	0.28125
Scaffold_05	2158584	2158594	4	EPI-152,EPI-153,EPI-170	EPI-160,EPI-162	1	0.971428571428571	0.972222222222222	NA	1	0.555555555555556	NA	0.375	0.769230769230769	NA	0.7	1
Scaffold_05	8150989	8151022	5	EPI-167,EPI-170	EPI-151,EPI-154	0.568627450980392	0.82089552238806	0.878048780487805	0.701492537313433	0.878048780487805	0.777777777777778	0.790322580645161	0.926829268292683	0.905405405405405	0.916666666666667	0.850746268656716	0.981481481481482
Scaffold_05	11322008	11322023	3	EPI-153,EPI-167,EPI-169	EPI-160,EPI-161	0.470588235294118	0.43	0.758620689655172	0.545454545454545	0.584615384615385	0.372727272727273	0.341772151898734	0.545454545454545	0.768421052631579	0.53448275862069	0.695652173913043	0.484375
Scaffold_05	12963512	12963557	5	EPI-169,EPI-168	EPI-152	0	0.00961538461538462	0.043956043956044	0.0952380952380952	0.168539325842697	0.138613861386139	0.20253164556962	0.0327868852459016	0.121621621621622	0.254901960784314	0.345238095238095	0.113636363636364
Scaffold_05	19899035	19899241	8	EPI-167,EPI-168	EPI-160,EPI-152	0.829694323144105	0.768211920529801	0.85	NA	0.666666666666667	0.777777777777778	0.777777777777778	0.776315789473684	0.939189189189189	0.724137931034483	NA	0.914285714285714
Scaffold_05	25411743	25411792	4	EPI-151,EPI-152		0.227642276422764	0.280487804878049	0.0535714285714286	0	0.0714285714285714	0	0.0333333333333333	0.0714285714285714	0.0405405405405405	0	0.0277777777777778	0.0571428571428571
Scaffold_05	25417068	25417092	3	EPI-151,EPI-153		0.309090909090909	0.087719298245614	0.227272727272727	0.208333333333333	0.195121951219512	0.0597014925373134	0	0.0769230769230769	0.0285714285714286	0.0961538461538462	0.0540540540540541	0
Scaffold_05	25504516	25504530	3	EPI-160,EPI-162	EPI-152	0.904761904761905	0.757575757575758	1	1	NA	1	0.8	1	NA	0.8	0.818181818181818	0.95
Scaffold_05	27538478	27538497	3	EPI-152,EPI-153	EPI-162,EPI-168	0.529411764705882	0.933333333333333	0.869565217391304	0.65625	0.526315789473684	0.695652173913043	0.636363636363636	0.222222222222222	0.764705882352941	0.232558139534884	0.785714285714286	0.428571428571429
Scaffold_05	29975785	29975827	5	EPI-151,EPI-154,EPI-161,EPI-153	EPI-168	0.191489361702128	0.0394736842105263	0.131578947368421	0.230769230769231	0.0238095238095238	0	0.239130434782609	0	0.0256410256410256	0	0	0.025
Scaffold_05	31052099	31052122	3	EPI-161,EPI-160	EPI-154	0.375	0.777777777777778	0.666666666666667	0.277777777777778	0.909090909090909	1	0.818181818181818	0.692307692307692	0.7	0.4375	0.6	0.578947368421053
Scaffold_05	32769400	32769511	3	EPI-152,EPI-153	EPI-168,EPI-170,EPI-162,EPI-167	0	0.804878048780488	0.931818181818182	0.833333333333333	0.6	0.619047619047619	0.8	0	0.55	0.416666666666667	0.684210526315789	0.26530612244898
Scaffold_05	33340752	33340823	3	EPI-167,EPI-170	EPI-152,EPI-160,EPI-161	0.5	0	0.422222222222222	0.465116279069767	0.478260869565217	0.243243243243243	0.0666666666666667	0.628571428571429	0.666666666666667	0.460526315789474	0.384615384615385	0.6375
Scaffold_05	33832589	33833118	10	EPI-169,EPI-167,EPI-160	EPI-154	0	0	0	0	NA	0.395348837209302	0	0.025	0.390243902439024	0.0212765957446809	0.523255813953488	0.0166666666666667
Scaffold_05	34090180	34090288	10	EPI-160,EPI-162,EPI-167	EPI-151,EPI-152	0.0137614678899083	0	0.0172413793103448	NA	0	0.347517730496454	0	0.284313725490196	0.170212765957447	0	0	0.0136054421768707
Scaffold_05	35580068	35580101	4	EPI-159,EPI-169,EPI-168,EPI-161	EPI-153	0.659090909090909	0.516129032258065	0.344827586206897	0.46875	0.866666666666667	0.611111111111111	0.916666666666667	0.571428571428571	0.509803921568627	0.827586206896552	0.8	0.473684210526316
Scaffold_05	36561706	36561727	3	EPI-160,EPI-162		0.106382978723404	0.0810810810810811	0.0227272727272727	0	0	0.357142857142857	0.142857142857143	0.366666666666667	0.114754098360656	0	0.0256410256410256	0.0333333333333333
Scaffold_05	39374745	39374782	4	EPI-152,EPI-153	EPI-159,EPI-162	NA	1	0.973684210526316	0.725	0.4	0.931034482758621	NA	0.534883720930233	0.741935483870968	0.85	0.869565217391304	0.888888888888889
Scaffold_05	40627222	40627257	6	EPI-151,EPI-153,EPI-154	EPI-161,EPI-170	0.694444444444444	0.166666666666667	0.634615384615385	0.338709677419355	0.207547169811321	0.185185185185185	0.027027027027027	0.2	0.275	0.37037037037037	NA	0.0161290322580645
Scaffold_05	45417075	45417167	11	EPI-151,EPI-152,EPI-153	EPI-159,EPI-160,EPI-168,EPI-167	0.108395324123273	0.0766961651917404	0.0827922077922078	0.0596273291925466	0	0.0276752767527675	0.0340501792114695	0.0324324324324324	0.028028028028028	0.0239043824701195	0.0188679245283019	0.0451770451770452
Scaffold_05	45417640	45417660	3	EPI-151,EPI-154	EPI-160,EPI-169	0.100806451612903	0.0239234449760766	0.0405405405405405	0.106382978723404	0.0127388535031847	0.00925925925925926	0.0192307692307692	0.05	0.0189274447949527	0.0571428571428571	0	0.0573476702508961
Scaffold_05	47724287	47724307	3	EPI-167,EPI-168	EPI-151,EPI-159	0.517241379310345	0.56	NA	0.625	0.2	0.615384615384615	0.62962962962963	0.769230769230769	1	0.962962962962963	0.75	0.875
Scaffold_05	50017658	50017709	4	EPI-152,EPI-159,EPI-153	EPI-168,EPI-167	0.516129032258065	1	1	NA	0.962962962962963	0.857142857142857	1	0.783783783783784	0.433333333333333	0.358974358974359	0.705882352941177	0.75
Scaffold_05	52198284	52198537	6	EPI-161,EPI-160	EPI-167,EPI-170	0.861111111111111	0.759036144578313	0.65	0.805555555555556	0.709677419354839	0.771653543307087	0.933333333333333	0.612244897959184	0.519607843137255	0.914285714285714	0.659090909090909	0.352941176470588
Scaffold_05	58076244	58076283	8	EPI-170,EPI-167	EPI-160	0.003690036900369	0.0250783699059561	0.0249110320284698	0.0235294117647059	0.00806451612903226	0.00744416873449132	0.0386473429951691	0.013986013986014	0.0383561643835616	0.0434782608695652	0.00869565217391304	0.120418848167539
Scaffold_05	59730640	59730667	4	EPI-167,EPI-168	EPI-162	0.273809523809524	0.307692307692308	0.236842105263158	0.305084745762712	0.470588235294118	0.393939393939394	0.368421052631579	0.181818181818182	0.529411764705882	0.545454545454545	0.245283018867925	0.220338983050847
Scaffold_05	62367694	62367714	3	EPI-161,EPI-169,EPI-168	EPI-154	0.111111111111111	0.157894736842105	NA	0	0.352941176470588	0.2	0.65	NA	0	0.8	0.625	NA
Scaffold_05	63498215	63498260	6	EPI-160,EPI-162,EPI-151	EPI-170	0.757575757575758	0.45	0.515625	0.555555555555556	0.365384615384615	0.712765957446808	0.4	0.828571428571429	0.491525423728814	0.419354838709677	0.357142857142857	0.224489795918367
Scaffold_05	65374078	65374174	3	EPI-169,EPI-167,EPI-168	EPI-162,EPI-151	0.337837837837838	0.484375	0.348484848484849	0.358974358974359	0.416666666666667	0.357142857142857	0.125	0.387096774193548	0.463414634146341	0.55	0.591549295774648	0.310344827586207
Scaffold_06	1246720	1246770	3	EPI-169,EPI-170	EPI-160,EPI-154	0.459459459459459	0.294117647058824	0.454545454545455	0	0.2	0.0769230769230769	0	0.470588235294118	0.384615384615385	0.4	0.852941176470588	0.636363636363636
Scaffold_06	8804327	8804641	10	EPI-153,EPI-151	EPI-167	0.43859649122807	0	0.469026548672566	0.0181818181818182	0	0.00934579439252336	0.0344827586206897	0	0.0307692307692308	0.23728813559322	0.00925925925925926	0
Scaffold_06	11136548	11137207	24	EPI-153,EPI-151	EPI-161,EPI-167,EPI-168,EPI-160	0.260061919504644	0.0121951219512195	0.557746478873239	0.0176991150442478	0	0	0.0114942528735632	0	0.0193050193050193	0.0119047619047619	0.0714285714285714	0.0819672131147541
Scaffold_06	11137477	11137910	15	EPI-151,EPI-153	EPI-167,EPI-168,EPI-170,EPI-169	0.422110552763819	NA	0.419354838709677	0	NA	0	0	0	0.00714285714285714	0.0113636363636364	0.0172413793103448	0.0350877192982456
Scaffold_06	13274504	13274683	6	EPI-152,EPI-151	EPI-167,EPI-161	0.706666666666667	0.710144927536232	NA	0.369230769230769	0.511111111111111	0.666666666666667	0.333333333333333	0.491803278688525	0.283950617283951	0.5	0.733333333333333	0.5
Scaffold_06	14343111	14343175	3	EPI-159,EPI-160,EPI-162,EPI-167	EPI-151,EPI-152,EPI-154	0.82089552238806	0.805825242718447	0.870967741935484	0.849462365591398	0.974358974358974	0.962264150943396	0.917808219178082	0.974025974025974	0.975903614457831	0.933333333333333	0.911111111111111	0.842767295597484
Scaffold_06	17614201	17614253	4	EPI-154,EPI-151,EPI-152	EPI-160,EPI-168	0.735849056603774	0.79746835443038	0.573770491803279	0.791666666666667	0.565217391304348	0.393258426966292	0.666666666666667	0.65	0.585365853658537	0.422535211267606	0.588235294117647	0.53125
Scaffold_06	25732878	25733052	6	EPI-168,EPI-169	EPI-151,EPI-153	0	0.0784313725490196	0.0136986301369863	0.118421052631579	0.169811320754717	0.103896103896104	0.0666666666666667	0.0612244897959184	0.121621621621622	0.273809523809524	0.25974025974026	0.140625
Scaffold_06	26184782	26184851	3	EPI-159,EPI-167,EPI-169		0.159090909090909	0.111111111111111	0.0208333333333333	0.027027027027027	0.588235294117647	0.0972222222222222	0.0540540540540541	0.2	0.529411764705882	0.315789473684211	0.340909090909091	0
Scaffold_06	27629876	27629889	3	EPI-151,EPI-153	EPI-160	0.912698412698413	0.841666666666667	0.902912621359223	0.815602836879433	0.828125	0.676923076923077	0.745098039215686	0.752475247524752	0.76875	0.805031446540881	0.794871794871795	0.813008130081301
Scaffold_06	28411496	28411517	3	EPI-159,EPI-161,EPI-162	EPI-153	0.32258064516129	0.447368421052632	0.172413793103448	0.4	0.75	0.344827586206897	0.666666666666667	0.675	0.542857142857143	0.35	0.485714285714286	0.341463414634146
Scaffold_06	29233044	29233072	8	EPI-168,EPI-167	EPI-160	0.132231404958678	0.0845070422535211	0.0886075949367089	0.117117117117117	0.0285714285714286	0.00606060606060606	0.121212121212121	0.032258064516129	0.165137614678899	0.239130434782609	0.0534351145038168	0.133928571428571
Scaffold_06	34092432	34092496	4	EPI-161,EPI-167,EPI-160	EPI-153	0.0201238390092879	0.0347394540942928	0.0102977389747034	0.0181818181818182	0.0246045694200351	0.0292867264997638	0.0205391527599487	0.0169381107491857	0.0316455696202532	0.0161290322580645	0.0227920227920228	0.0136112292641429
Scaffold_06	42021791	42021831	3	EPI-153,EPI-161,EPI-152	EPI-169	0.147058823529412	0.509090909090909	0.555555555555556	0.0833333333333333	0.25	0.485714285714286	0.636363636363636	0.259259259259259	0.0666666666666667	0.379310344827586	0.166666666666667	0.181818181818182
Scaffold_06	42547059	42547174	7	EPI-152,EPI-159,EPI-160	EPI-167,EPI-170,EPI-168	0.261363636363636	0.512820512820513	0.354838709677419	0.191919191919192	0.6	0.4625	0.470588235294118	0.241935483870968	0.0694444444444444	0.194594594594595	0.296875	0.15
Scaffold_06	42547226	42547274	6	EPI-152,EPI-153,EPI-154	EPI-160,EPI-170	0.301775147928994	0.621794871794872	0.557522123893805	0.557692307692308	0.431034482758621	0.173913043478261	0.333333333333333	0.271739130434783	0.244897959183673	0.235294117647059	0.264516129032258	0.180851063829787
Scaffold_06	42589167	42589202	4	EPI-169,EPI-170	EPI-151	0	1	0.4	0.923076923076923	1	1	NA	1	1	NA	1	0.888888888888889
Scaffold_06	51066950	51067005	4	EPI-154,EPI-152		0	0.6	0	0.425	NA	0	0	0.0588235294117647	0	0	NA	0
Scaffold_06	52590884	52591017	5	EPI-153,EPI-151	EPI-170	0.375	0	0.652173913043478	0	0	0	0	0	0.0625	0	0.04	0
Scaffold_06	53010499	53010578	8	EPI-151,EPI-153,EPI-159		0.458333333333333	0.00925925925925926	0.225806451612903	0.0158730158730159	0.333333333333333	0.04	0.0535714285714286	0.0317460317460317	0.028169014084507	0.0192307692307692	0.0188679245283019	0.0515463917525773
Scaffold_06	53815284	53815333	5	EPI-153,EPI-151	EPI-161	0.297297297297297	0.0666666666666667	0.428571428571429	0	NA	0	0	0.0833333333333333	0.0769230769230769	NA	0	0
Scaffold_06	54132363	54132584	4	EPI-154,EPI-152	EPI-160,EPI-162,EPI-167,EPI-169	0.375	0.82258064516129	0.515151515151515	0.782608695652174	0.388888888888889	0.407407407407407	0.64	0.1875	0.3125	0.791666666666667	0.243243243243243	0.681818181818182
Scaffold_06	56725944	56725954	3	EPI-151,EPI-153	EPI-160,EPI-170	0.68	0.307692307692308	0.641025641025641	0.176470588235294	NA	0.166666666666667	0.2	0.25	0.571428571428571	0.318181818181818	0.1875	0.186046511627907
Scaffold_06	57014674	57014771	6	EPI-152,EPI-151	EPI-167,EPI-160	0.386363636363636	0.404255319148936	0.032258064516129	0.162162162162162	0.25	0.146067415730337	0.25531914893617	0.115384615384615	0.0151515151515152	0.0754716981132075	0	0.101694915254237
Scaffold_06	57722794	57722891	12	EPI-151,EPI-152,EPI-153	EPI-160,EPI-169,EPI-170	0.216981132075472	0.158508158508158	0.136842105263158	0.0609756097560976	0.0625	0.0520231213872832	0.0959232613908873	0.0641025641025641	0.0657439446366782	0.107843137254902	0.0381526104417671	0.0443037974683544
Scaffold_06	58909187	58909204	3	EPI-151,EPI-152		0.126050420168067	0.139784946236559	0.1	0	0	0.0583941605839416	0	0.024390243902439	0	0.03	0.0136986301369863	0
Scaffold_07	1059757	1059801	9	EPI-169,EPI-170	EPI-162,EPI-153,EPI-154	0.875	0.768115942028985	0.768041237113402	0.765822784810127	0.786666666666667	0.877272727272727	0.886363636363636	0.743455497382199	0.838323353293413	0.860927152317881	0.949367088607595	0.943181818181818
Scaffold_07	2564914	2564974	4	EPI-151,EPI-152,EPI-154	EPI-168,EPI-161,EPI-167	0.941176470588235	0.894736842105263	0.476190476190476	0.961538461538462	0.826086956521739	0.617647058823529	0	NA	0.125	0	NA	0.8
Scaffold_07	3982454	3982531	3	EPI-160,EPI-162,EPI-159	EPI-170	0.238095238095238	0.384615384615385	NA	0.163636363636364	0.4	0.791666666666667	0.476190476190476	0.7	0.135135135135135	0.347826086956522	NA	0.0666666666666667
Scaffold_07	8119968	8120015	4	EPI-160,EPI-170,EPI-169	EPI-154,EPI-151	0.1875	0.314285714285714	NA	0.172413793103448	NA	0.638297872340426	0.333333333333333	0.482758620689655	0.4	0.259259259259259	0.944444444444444	0.625
Scaffold_07	26152031	26152055	5	EPI-168,EPI-169	EPI-154,EPI-151	0	0	0.184210526315789	0	0.0526315789473684	0.102564102564103	NA	0.208333333333333	0.06	0.277777777777778	0.323529411764706	0.0333333333333333
Scaffold_07	26675107	26675131	3	EPI-151,EPI-153		0.311111111111111	0.0983606557377049	0.186046511627907	0.0625	0	0.115942028985507	0	0	0.0289855072463768	0.0181818181818182	0	0
Scaffold_07	26675395	26675585	7	EPI-151,EPI-153		0.0561056105610561	0.0542797494780793	0.167487684729064	0.00240384615384615	0.0211864406779661	0.0502092050209205	0.0269607843137255	0.0369458128078818	0.0266393442622951	0.049079754601227	0.00816326530612245	0.075
Scaffold_07	28671689	28671710	3	EPI-151,EPI-152	EPI-167	0.942028985507246	0.958762886597938	0.904761904761905	0.771084337349398	0.774193548387097	0.878787878787879	0.855263157894737	0.742424242424242	0.726495726495726	0.8375	0.846938775510204	0.85
Scaffold_07	29268902	29268936	4	EPI-160,EPI-162	EPI-169,EPI-170,EPI-154	0.357142857142857	0.421875	NA	0	0.222222222222222	0.6875	0.2	0.659090909090909	0.464285714285714	0.466666666666667	0.233333333333333	0.111111111111111
Scaffold_07	30576465	30576482	3	EPI-151,EPI-152		0.114285714285714	0.0909090909090909	0	0	0	0	0	0	0	0	0	0
Scaffold_07	30645558	30645569	3	EPI-168,EPI-169,EPI-170		0.173913043478261	0.0588235294117647	0.08	0.111111111111111	0	0.0454545454545455	0.285714285714286	NA	0.0909090909090909	0.346153846153846	0.347826086956522	0.368421052631579
Scaffold_07	31610701	31610706	3	EPI-154,EPI-153	EPI-169	NA	0.689655172413793	0.870967741935484	0.90625	0.625	0.571428571428571	0.777777777777778	0.75	0.625	0.5	0.384615384615385	0.818181818181818
Scaffold_07	33572963	33572989	4	EPI-159,EPI-160	EPI-151	0.355555555555556	0.566666666666667	NA	0.8	0.85	0.882352941176471	0.481481481481481	NA	0.866666666666667	0.416666666666667	0.833333333333333	0.483870967741935
Scaffold_07	33925574	33925614	7	EPI-154,EPI-152,EPI-151	EPI-160,EPI-170,EPI-161	0.351724137931034	0.4375	0.208695652173913	0.359223300970874	0.238095238095238	0.0549450549450549	0.0196078431372549	0.25	0.252252252252252	0.161290322580645	0.276595744680851	0.0862068965517241
Scaffold_07	36864285	36864496	9	EPI-160,EPI-161	EPI-167,EPI-168	0.862068965517241	0.881889763779528	0.86734693877551	0.901234567901235	0.782608695652174	0.977777777777778	0.91304347826087	NA	0.636363636363636	0.470588235294118	0.96	0.908045977011494
Scaffold_07	40059164	40059186	4	EPI-159,EPI-161	EPI-151,EPI-154,EPI-167	0.535714285714286	0.851851851851852	0.804878048780488	0.454545454545455	1	0.75	0.931034482758621	0.588235294117647	0.485714285714286	0.541666666666667	0.822222222222222	0.727272727272727
Scaffold_07	40995653	40995674	5	EPI-152,EPI-154	EPI-168,EPI-167	0.896551724137931	0.985507246376812	1	1	1	0.810810810810811	0.964285714285714	1	0.826923076923077	0.777777777777778	0.95	0.833333333333333
Scaffold_08	675899	675950	4	EPI-169,EPI-160,EPI-167	EPI-153,EPI-154	0.614678899082569	0.506666666666667	0.333333333333333	0.46078431372549	0.465753424657534	0.720430107526882	0.511627906976744	0.459459459459459	0.71	0.75	0.808823529411765	0.565217391304348
Scaffold_08	2519326	2519347	3	EPI-152,EPI-153,EPI-159	EPI-167	0.0515463917525773	0.148760330578512	0.154255319148936	0.0436681222707424	0.156521739130435	0.0657439446366782	0.0764705882352941	0.049469964664311	0.0203252032520325	0.0328467153284672	0.0293040293040293	0.0594059405940594
Scaffold_08	2820282	2820324	6	EPI-152,EPI-159,EPI-151	EPI-169,EPI-170	0.777777777777778	0.782051282051282	0.560975609756098	0.666666666666667	0.823529411764706	0.616666666666667	0.515625	0.65625	0.623376623376623	0.723076923076923	0.430555555555556	0.506329113924051
Scaffold_08	2950373	2950409	4	EPI-160,EPI-161	EPI-153,EPI-152	0.4	0.392857142857143	0	0.2	0.769230769230769	1	0.883720930232558	0.375	0.651162790697674	0.526315789473684	0.473684210526316	0.64
Scaffold_08	5052490	5052497	3	EPI-167,EPI-168		0.0857142857142857	0.157894736842105	0.14	0.222222222222222	0.272727272727273	0.192307692307692	0.266666666666667	0.111111111111111	0.323529411764706	0.340425531914894	0.173913043478261	0.15
Scaffold_08	6778477	6778806	18	EPI-153,EPI-151	EPI-160,EPI-161,EPI-167,EPI-169	0.467128027681661	0.09375	0.48828125	0.0434782608695652	0.0416666666666667	0.00699300699300699	0.0307692307692308	0	0.0181818181818182	0.025974025974026	0	0
Scaffold_08	9780114	9780241	11	EPI-161,EPI-159,EPI-162	EPI-168,EPI-151,EPI-153	0.0923076923076923	0.141891891891892	0.122905027932961	0.171428571428571	0.407142857142857	0.169398907103825	0.225609756097561	0.442622950819672	0.180887372013652	0.0341880341880342	0.157205240174672	0.201005025125628
Scaffold_08	11862305	11862338	5	EPI-162,EPI-168,EPI-169	EPI-154	0.0357142857142857	0.4	0.166666666666667	0	0	0.210526315789474	0.2	0.333333333333333	0.1875	0.80952380952381	0.326086956521739	0.115384615384615
Scaffold_08	15819770	15820167	8	EPI-160,EPI-151,EPI-170,EPI-154		0.176470588235294	0.152380952380952	0.0578512396694215	0.290697674418605	0.215384615384615	0.346153846153846	0.0761904761904762	0.0887096774193548	0.11	0.0353982300884956	0.291666666666667	0.367521367521368
Scaffold_08	15872101	15872172	6	EPI-167,EPI-169		0.0212765957446809	0.010989010989011	0	0	0.0175438596491228	0.0384615384615385	0	0	0.163265306122449	0	0.310344827586207	0
Scaffold_08	18615075	18615091	3	EPI-151,EPI-154		0.666666666666667	0.122448979591837	0	0.565217391304348	NA	0	0.15625	0.291666666666667	0.4	0.103448275862069	0.142857142857143	0.107142857142857
Scaffold_08	19538369	19538505	6	EPI-153,EPI-151	EPI-160,EPI-167,EPI-162,EPI-169	0.825396825396825	0.805369127516778	0.7578125	0.701612903225806	0.65	0.604166666666667	0.842105263157895	0.461538461538462	0.626865671641791	0.700729927007299	0.550561797752809	0.583333333333333
Scaffold_08	22881899	22881962	5	EPI-168,EPI-169		0.0194174757281553	0	0	0.0142857142857143	0.0576923076923077	0.105263157894737	0.0784313725490196	0.134328358208955	0.00826446280991736	0.4	0.197183098591549	0.128571428571429
Scaffold_08	25660597	25660793	10	EPI-152,EPI-154,EPI-153	EPI-160,EPI-162	0.755555555555556	0.939024390243902	0.869109947643979	0.96969696969697	0.917647058823529	0.701357466063348	0.78125	0.595505617977528	0.732824427480916	0.770642201834862	0.845794392523365	0.907563025210084
Scaffold_08	29363844	29363865	3	EPI-153,EPI-154	EPI-161,EPI-168,EPI-170	0.478260869565217	NA	0.933333333333333	0.8	NA	0.529411764705882	0.161290322580645	0.375	0.625	0.166666666666667	0.521739130434783	0.0967741935483871
Scaffold_08	30454680	30454720	5	EPI-152,EPI-169,EPI-154,EPI-167	EPI-162,EPI-161	0.0344827586206897	0.372093023255814	0.0731707317073171	0.282608695652174	0.153846153846154	0.0810810810810811	0.0285714285714286	0.0392156862745098	0.285714285714286	0.0975609756097561	0.326530612244898	0.0526315789473684
Scaffold_08	30459039	30459092	4	EPI-160,EPI-161	EPI-152,EPI-168	0.0238095238095238	0	0	0.260869565217391	0.4	0.534883720930233	0.647058823529412	0	0.0227272727272727	0	0.260869565217391	0.338709677419355
Scaffold_08	31848888	31848948	11	EPI-153,EPI-154	EPI-162,EPI-167,EPI-170,EPI-168	0.145985401459854	0.149350649350649	0.626666666666667	0.625	0.166666666666667	0.0833333333333333	0.0978260869565217	0.0133333333333333	0.0161290322580645	0	0.2	0
Scaffold_08	32171588	32171630	5	EPI-153,EPI-167,EPI-169	EPI-160	0.283018867924528	0.509090909090909	0.58974358974359	NA	0.362068965517241	0	0.287671232876712	NA	0.571428571428571	0.395833333333333	0.612903225806452	0.15
Scaffold_08	35234583	35234596	4	EPI-151,EPI-152,EPI-153	EPI-159,EPI-170	0.428571428571429	0.466666666666667	0.576271186440678	0.227272727272727	0	0.285714285714286	0.276595744680851	0.142857142857143	0.25	0.158730158730159	0.116279069767442	0.0476190476190476
Scaffold_08	38923872	38923905	3	EPI-154,EPI-151,EPI-170	EPI-160	0.26	0.10126582278481	0.136363636363636	0.37037037037037	0.142857142857143	0.0169491525423729	0.0681818181818182	0.133333333333333	0.0476190476190476	0.0645161290322581	0	0.317073170731707
Scaffold_08	40215635	40215657	3	EPI-151,EPI-153,EPI-162	EPI-170	0.695652173913043	0.53125	0.764705882352941	0.388888888888889	0.260869565217391	0.391304347826087	0.6	0.8125	0.416666666666667	NA	0.5	0
Scaffold_08	47309309	47309393	5	EPI-167,EPI-169,EPI-170	EPI-152,EPI-160	0.652542372881356	0.5	0.604651162790698	0.705882352941177	NA	0.615384615384615	0.666666666666667	0.694444444444444	0.809859154929577	0.657142857142857	0.845070422535211	0.884615384615385
Scaffold_08	56953050	56953083	6	EPI-151,EPI-152	EPI-170,EPI-168	0.53448275862069	0.431372549019608	0.325	0.30188679245283	0.235294117647059	0.444444444444444	0.166666666666667	NA	0.275	0.134615384615385	0.214285714285714	0.116279069767442
Scaffold_09	2317112	2317311	7	EPI-151,EPI-153,EPI-159	EPI-168	0.0833333333333333	0	0.113207547169811	NA	0.0930232558139535	0	NA	0	NA	0.0333333333333333	0	0.0212765957446809
Scaffold_09	2326161	2326248	8	EPI-151,EPI-153		0.148148148148148	0	0.227722772277228	0	0	0	0	0	0	0.0512820512820513	0.111111111111111	0
Scaffold_09	8948044	8948079	6	EPI-153,EPI-168,EPI-151	EPI-160,EPI-161,EPI-162	0.137096774193548	0	0.322033898305085	0.0841121495327103	0.0303030303030303	0.0182926829268293	0.00970873786407767	0	0.0397350993377483	0.182432432432432	0.0306122448979592	0.0875912408759124
Scaffold_09	9829287	9829353	3	EPI-151,EPI-161,EPI-153	EPI-169	0.557377049180328	0.0969162995594714	0.220588235294118	0.267326732673267	0.145833333333333	0.152091254752852	0.363636363636364	0.10958904109589	0.116504854368932	0.125	0.0477941176470588	0.0869565217391304
Scaffold_09	10394502	10394559	5	EPI-160,EPI-159,EPI-153		0	0.195402298850575	0.254237288135593	0.0757575757575758	0.193548387096774	0.195402298850575	0.0117647058823529	0.0895522388059701	0.123287671232877	0.0851063829787234	0.0166666666666667	0.107692307692308
Scaffold_09	16172071	16172083	3	EPI-159,EPI-161	EPI-152	0.702702702702703	0.348837209302326	0.433333333333333	0.7	0.857142857142857	0.5	0.884615384615385	0.655172413793103	0.6875	0.551724137931034	0.783783783783784	0.6
Scaffold_09	17971877	17972138	9	EPI-160,EPI-162,EPI-168	EPI-151	0.003690036900369	0.0661764705882353	0	0.0330578512396694	0	0.139784946236559	NA	0.108571428571429	0.0484330484330484	0.101639344262295	0.0316901408450704	0.014336917562724
Scaffold_09	19725630	19725662	5	EPI-167,EPI-169		0.0163934426229508	0.137254901960784	0.024390243902439	0	0.105263157894737	0	0	0	0.264705882352941	0	0.266666666666667	0
Scaffold_09	20104413	20104447	5	EPI-167,EPI-170	EPI-152,EPI-151	0.1875	0.39622641509434	0.521739130434783	0.5	0.333333333333333	0.277777777777778	0.25	0.4	0.80952380952381	0.142857142857143	0.384615384615385	0.666666666666667
Scaffold_09	29226758	29227232	15	EPI-152,EPI-169,EPI-154,EPI-160		0.0183727034120735	0.163716814159292	0.0450704225352113	0.102272727272727	0	0.119512195121951	0.0363636363636364	0.0170068027210884	0.0390334572490706	0.0140845070422535	0.101648351648352	0.0592885375494071
Scaffold_09	29356096	29356362	8	EPI-151,EPI-153		0.24496644295302	0.0377358490566038	0.39375	0.04	0	0.0133333333333333	0	0	0.0172413793103448	0	0	0.00840336134453781
Scaffold_09	32681938	32682072	4	EPI-151,EPI-152	EPI-167,EPI-160	0.511627906976744	0.486486486486487	0.0869565217391304	0.157894736842105	0.454545454545455	0	0.5	NA	0	0.666666666666667	NA	0.0833333333333333
Scaffold_09	34967609	34967643	4	EPI-160,EPI-159	EPI-170	0.433333333333333	0.607142857142857	NA	0.6	0.777777777777778	0.72972972972973	0.424242424242424	0.636363636363636	0.666666666666667	0.454545454545455	0.615384615384615	0.258620689655172
Scaffold_10	21052	21075	3	EPI-151,EPI-152	EPI-160,EPI-162,EPI-168	0.983870967741935	0.981481481481482	0.846153846153846	1	0.866666666666667	0.727272727272727	0.902439024390244	0.5	0.878787878787879	0.761194029850746	0.863636363636364	0.96969696969697
Scaffold_10	8251989	8252019	5	EPI-151,EPI-153	EPI-160,EPI-159	0.975609756097561	0.894736842105263	1	0.85	0.666666666666667	0.392857142857143	0.666666666666667	NA	0.741935483870968	1	0.8	0.839285714285714
Scaffold_10	9760960	9761036	3	EPI-162,EPI-169,EPI-160,EPI-167	EPI-152	NA	0	0	0	0.125	0.684210526315789	0	0.578947368421053	0.777777777777778	0	0.55	0
Scaffold_10	10624085	10624143	5	EPI-161,EPI-162	EPI-167	0.325	0.407766990291262	0.269230769230769	0.491228070175439	0.43859649122807	0.340909090909091	0.736842105263158	0.573333333333333	0.209302325581395	0.37037037037037	0.360655737704918	0.362068965517241
Scaffold_10	10806527	10806766	5	EPI-153,EPI-151,EPI-152	EPI-162	0.423728813559322	0.4	0.65	NA	NA	0.0175438596491228	0.0769230769230769	0.0103092783505155	0.0175438596491228	0.125	0.129032258064516	0
Scaffold_10	14917363	14917540	5	EPI-160,EPI-162	EPI-151,EPI-152,EPI-170	0.568	0.323076923076923	0.666666666666667	0.617021276595745	0.88	0.571428571428571	0.536585365853659	0.69047619047619	0.5	0.459459459459459	0.7	0.619718309859155
Scaffold_10	16193870	16194092	3	EPI-168,EPI-170	EPI-154	0.243478260869565	0.6	0.375	0.142857142857143	NA	0.0169491525423729	0.09375	0.212121212121212	0.0178571428571429	0.422222222222222	0.0392156862745098	0.676470588235294
Scaffold_10	19700280	19700396	8	EPI-151,EPI-152,EPI-153	EPI-168,EPI-170	0.426086956521739	0.425	0.431506849315068	0.294117647058824	0.307692307692308	0.368421052631579	0.289855072463768	0.4	0.246913580246914	0.183098591549296	0.341463414634146	0.0984848484848485
Scaffold_10	21019919	21019937	3	EPI-159,EPI-162	EPI-169,EPI-170,EPI-152	0.7	0.454545454545455	0.763157894736842	0.604651162790698	0.911764705882353	0.59375	0.725	0.816326530612245	0.666666666666667	0.638297872340426	0.414634146341463	0
Scaffold_10	24709299	24709316	3	EPI-154,EPI-152	EPI-162	0.636363636363636	1	0.636363636363636	1	0.909090909090909	0.588235294117647	NA	0.433333333333333	0.619047619047619	0.869565217391304	0.642857142857143	NA
Scaffold_10	24802261	24802300	3	EPI-167,EPI-168	EPI-160,EPI-153	0.333333333333333	0.392857142857143	0.238095238095238	0.466666666666667	0.181818181818182	0.28125	0.515151515151515	0.444444444444444	0.787878787878788	0.6	0.578947368421053	0.484848484848485
Scaffold_10	40650741	40650853	4	EPI-151,EPI-153,EPI-152,EPI-162,EPI-154	EPI-170,EPI-167	0.75	0.397959183673469	0.647058823529412	0.44	0.127272727272727	NA	0.300970873786408	1	0.0860215053763441	0.306666666666667	0.0740740740740741	0.0545454545454545
Scaffold_10	43493921	43494159	5	EPI-154,EPI-168,EPI-170	EPI-160,EPI-162	0.606060606060606	0.783783783783784	0.8	0.779661016949153	0.931034482758621	0.677966101694915	0.711111111111111	0.592592592592593	0.788461538461538	0.978260869565217	0.741935483870968	0.898305084745763
Scaffold_10	43828454	43828597	13	EPI-154,EPI-160,EPI-159	EPI-168,EPI-167	0.871794871794872	0.567164179104478	0.771929824561403	0.910891089108911	0.947368421052632	0.666666666666667	0.833333333333333	NA	0.506024096385542	0.355932203389831	0.68	0.764705882352941
Scaffold_10	44523151	44523362	3	EPI-151,EPI-153,EPI-160	EPI-168,EPI-167,EPI-169	0.724576271186441	0.79	0.787564766839378	0.650793650793651	1	0.757142857142857	0.628571428571429	0.709677419354839	0.559322033898305	0.638461538461538	0.710843373493976	0.696969696969697
Scaffold_10	45915046	45915087	6	EPI-151,EPI-167,EPI-168	EPI-160	0.555555555555556	0.214285714285714	0.372093023255814	0.2	0.203703703703704	0.140350877192982	0.196428571428571	NA	0.588235294117647	0.607142857142857	0.666666666666667	0.238095238095238
Scaffold_10	48558078	48558128	3	EPI-151,EPI-154	EPI-167,EPI-168,EPI-169	0.678571428571429	NA	0.549019607843137	0.653846153846154	NA	0.328358208955224	0	0.522727272727273	0	0	0	NA
Scaffold_10	48708652	48708681	3	EPI-153,EPI-162,EPI-151	EPI-168,EPI-169	0.483870967741935	0	0.8	NA	0	NA	0	0.548387096774194	NA	0	0.0285714285714286	0
Scaffold_10	51337196	51337226	4	EPI-152,EPI-161,EPI-160	EPI-167	0.138888888888889	0.383333333333333	0.2	0.0454545454545455	0.0526315789473684	0.545454545454545	0.594594594594595	0.166666666666667	0	0.216666666666667	0.222222222222222	0.185185185185185
Scaffold_10	52484254	52484619	10	EPI-169,EPI-151,EPI-170	EPI-160,EPI-162	0.380952380952381	0.157894736842105	0	NA	NA	0	0	0.0102040816326531	0.0294117647058824	0.08	0.590909090909091	0.403846153846154
Scaffold_10	53832741	53833154	16	EPI-152,EPI-159,EPI-154,EPI-160,EPI-151	EPI-169,EPI-167,EPI-168	0.562189054726368	0.887096774193548	0.636363636363636	0.668604651162791	0.761467889908257	0.777777777777778	0.630769230769231	0.543859649122807	0.156118143459916	0.331034482758621	0.205263157894737	0.468468468468468
Scaffold_10	53879661	53879783	12	EPI-152,EPI-153,EPI-161,EPI-151,EPI-154,EPI-160	EPI-167,EPI-169,EPI-170	0.368421052631579	0.693548387096774	0.634920634920635	0.465116279069767	0.25	0.636363636363636	1	0.409090909090909	0.109947643979058	0.219047619047619	0.145299145299145	0.181395348837209
Scaffold_10	53880095	53880112	3	EPI-152,EPI-162,EPI-160	EPI-168	0.363636363636364	0.882352941176471	NA	0.611111111111111	0.818181818181818	0.777777777777778	NA	0.823529411764706	0.333333333333333	0.115384615384615	NA	0.307692307692308
Scaffold_11	457	481	3	EPI-151,EPI-152	EPI-167	0.10580204778157	0.142857142857143	0.0642570281124498	0.0514705882352941	0.08	0.0494505494505494	0.036734693877551	0.0363636363636364	0.0211640211640212	0.0368663594470046	0.0491803278688525	0.0646258503401361
Scaffold_11	14810049	14810073	3	EPI-151,EPI-152	EPI-160,EPI-162	1	1	0.868421052631579	0.947368421052632	0.827586206896552	0.676923076923077	0.844444444444444	0.625	NA	0.977777777777778	1	0.981818181818182
Scaffold_11	17062674	17062704	4	EPI-154,EPI-162,EPI-161		0.0886075949367089	0	0.0119047619047619	0.106060606060606	0.0958904109589041	0	0.125	0.135135135135135	0.0275229357798165	0	0	0
Scaffold_11	18429560	18430124	13	EPI-169,EPI-167	EPI-159,EPI-153,EPI-154,EPI-151	0.709030100334448	0.834677419354839	0.59672131147541	0.765217391304348	0.611940298507463	0.776515151515151	0.793548387096774	0.692307692307692	0.841317365269461	0.842857142857143	0.845559845559846	0.791946308724832
Scaffold_11	25459602	25459743	8	EPI-151,EPI-152	EPI-162,EPI-170	0.611510791366906	0.305555555555556	0.101449275362319	0.0428571428571429	0.0769230769230769	0.0740740740740741	0.0196078431372549	0.09375	0.0909090909090909	0.226190476190476	0	0.0288461538461538
Scaffold_11	26177755	26177883	6	EPI-160,EPI-151,EPI-159	EPI-167	0.0779220779220779	0.0731707317073171	0	0.0217391304347826	0.137254901960784	0.1625	0	0	0.00704225352112676	0.0952380952380952	0.046875	0
Scaffold_11	26298982	26299362	9	EPI-153,EPI-159,EPI-162,EPI-167,EPI-168		0.0379506641366224	0.0173267326732673	0.123993558776167	0.0632411067193676	0.140350877192982	0.034136546184739	0.0388349514563107	0.092	0.161764705882353	0.107246376811594	0.077319587628866	0.00865800865800866
Scaffold_11	27367193	27367216	3	EPI-152,EPI-153	EPI-161,EPI-162	0.271186440677966	0.618181818181818	0.416666666666667	0.158730158730159	0.176470588235294	0.137254901960784	0.03125	0.032258064516129	0.192307692307692	0.288888888888889	0.148936170212766	0.147058823529412
Scaffold_11	29067430	29067461	4	EPI-153,EPI-154,EPI-161	EPI-167,EPI-168,EPI-170	0.43956043956044	0.275862068965517	0.649122807017544	0.708333333333333	0.4	0.456140350877193	0.684210526315789	0.454545454545455	0.0816326530612245	0.172413793103448	0.25	0.28
Scaffold_11	30094017	30094039	3	EPI-153,EPI-154	EPI-162,EPI-167	0.305084745762712	0.12962962962963	0.482142857142857	0.450549450549451	0.5	0.223880597014925	0.151515151515152	0.0731707317073171	0.0545454545454545	0.214285714285714	0.214285714285714	0.396551724137931
Scaffold_11	37105982	37106125	11	EPI-167,EPI-169	EPI-160,EPI-162	0	0.0289855072463768	0	0.0625	NA	0	0.05	0.00671140939597315	0.256578947368421	0.0227272727272727	0.217142857142857	NA
Scaffold_11	40962306	40962327	3	EPI-151,EPI-152	EPI-162,EPI-170	0.921348314606742	0.91044776119403	0.820754716981132	0.727272727272727	0.711864406779661	0.710526315789474	0.80327868852459	0.646153846153846	0.824324324324324	0.861538461538462	0.764705882352941	0.642857142857143
Scaffold_11	44223308	44223438	6	EPI-160,EPI-161	EPI-167,EPI-169,EPI-151	0.0222222222222222	0.288702928870293	0.260355029585799	0.196850393700787	0.30188679245283	0.420074349442379	0.293532338308458	0.284584980237154	0.0465116279069767	0.214285714285714	0.0217391304347826	0.302197802197802
Scaffold_11	46770531	46770565	5	EPI-153,EPI-151	EPI-162,EPI-167	0.92	0.5	0.78125	0.5	NA	0.596153846153846	0.5	0.243243243243243	0	0.714285714285714	0.757575757575758	0.608695652173913
Scaffold_12	3467255	3467377	6	EPI-162,EPI-167,EPI-168	EPI-152,EPI-153	0.375	0.125827814569536	0.0769230769230769	0.19327731092437	0.117647058823529	0.135714285714286	0.185483870967742	0.302752293577982	0.204301075268817	0.418032786885246	0.0588235294117647	0.135802469135802
Scaffold_12	3734059	3734143	4	EPI-153,EPI-160,EPI-152	EPI-168	0.2	0.482758620689655	0.75	0.325581395348837	0.372093023255814	0.490909090909091	0.1	0.461538461538462	0.215686274509804	0.164705882352941	0.414634146341463	0.5625
Scaffold_12	7960997	7961263	12	EPI-153,EPI-151	EPI-160,EPI-167	0.613861386138614	NA	0.666666666666667	0	0	0.0101010101010101	0.2	NA	0.0123456790123457	0.0344827586206897	0.0125	0.0277777777777778
Scaffold_12	8490945	8491074	5	EPI-159,EPI-160,EPI-169	EPI-153,EPI-152	0.318181818181818	0.41025641025641	0.318181818181818	0.481481481481481	0.916666666666667	0.89041095890411	0.466666666666667	0.521739130434783	0.402439024390244	0.408163265306122	0.810344827586207	0.513513513513513
Scaffold_12	12060886	12060910	4	EPI-151,EPI-153		0.282608695652174	0.05	0.239130434782609	0.1	0.0540540540540541	0.0769230769230769	0.0535714285714286	0.0344827586206897	0.0634920634920635	0.1	0.0555555555555556	0
Scaffold_12	12694451	12694525	5	EPI-160,EPI-167,EPI-169		0.0575539568345324	0.0149253731343284	0.131147540983607	0.0803571428571429	0.0344827586206897	0.221311475409836	0.0705128205128205	0.0761904761904762	0.161971830985915	0.0978260869565217	0.148387096774194	0.05
Scaffold_12	15551772	15551817	5	EPI-151,EPI-161,EPI-160	EPI-168,EPI-167	0.808823529411765	0.634146341463415	0.555555555555556	0.619047619047619	0.8	0.764705882352941	0.898305084745763	0.615384615384615	0.359223300970874	0	0.568181818181818	0.333333333333333
Scaffold_12	19373092	19373229	8	EPI-151,EPI-167,EPI-169	EPI-160	0.408	0	0	0.0256410256410256	0.0930232558139535	0.0188679245283019	0.0126582278481013	0.04	0.167832167832168	0.0476190476190476	0.191780821917808	0.0289855072463768
Scaffold_12	21384263	21384569	11	EPI-170,EPI-167,EPI-153		0.0205479452054795	0.0201342281879195	0.30952380952381	0.0612244897959184	0	0.112299465240642	0.0285714285714286	0.0559006211180124	0.200692041522491	0.00666666666666667	0.0737704918032787	0.0862068965517241
Scaffold_12	21528057	21528130	6	EPI-153,EPI-151	EPI-160,EPI-159	0.655555555555556	0.476923076923077	0.670731707317073	0.613636363636364	0	0.15625	0.28	0.457142857142857	0.543478260869565	0.615384615384615	0.517857142857143	0.541666666666667
Scaffold_12	22863615	22863772	11	EPI-151,EPI-154,EPI-153	EPI-160	0.239852398523985	0.107266435986159	0.223404255319149	0.239583333333333	0.168421052631579	0.0547112462006079	0.139175257731959	0.123595505617978	0.127340823970037	0.131578947368421	0.0909090909090909	0.108108108108108
Scaffold_12	22865085	22865160	9	EPI-151,EPI-153	EPI-161,EPI-170,EPI-160	0.385964912280702	0.0634920634920635	0.402777777777778	0.0338983050847458	0.0434782608695652	0.0217391304347826	0.05	0.0394736842105263	0	0.0701754385964912	0.12280701754386	0.0642857142857143
Scaffold_12	26260799	26260821	4	EPI-167,EPI-170		NA	0.0307692307692308	0	0.109090909090909	0	0	0	0	0.230769230769231	0.0535714285714286	0.0333333333333333	0.291666666666667
Scaffold_12	26414399	26414437	5	EPI-152,EPI-153	EPI-169,EPI-170	0.4	0.851063829787234	0.645161290322581	0.4	0.4	0.545454545454545	NA	0.7	0.5	NA	0.30952380952381	0.410714285714286
Scaffold_12	27198334	27198365	4	EPI-151,EPI-154,EPI-167	EPI-161,EPI-162,EPI-160	1	0.6	0.666666666666667	1	0.6875	0.542372881355932	0.269230769230769	0.37037037037037	0.888888888888889	0.826086956521739	0.733333333333333	NA
Scaffold_12	27540546	27540569	3	EPI-168,EPI-169	EPI-154,EPI-161	0.5	0.606060606060606	0.761904761904762	0.344827586206897	0.740740740740741	0.583333333333333	0.2	NA	0.727272727272727	1	0.95	0.53125
Scaffold_12	31677376	31677481	7	EPI-169,EPI-167		0.0145454545454545	0.0531914893617021	0.00865800865800866	0.00675675675675676	0	0.0558139534883721	0	0.0202020202020202	0.0901287553648069	0.0594795539033457	0.345454545454545	0.0232558139534884
Scaffold_12	33812928	33812949	4	EPI-151,EPI-154	EPI-159	0.896551724137931	0.522727272727273	0.571428571428571	0.857142857142857	0.36	0.555555555555556	0.904761904761905	0.785714285714286	0.65625	0.461538461538462	0.62962962962963	NA
Scaffold_12	34605336	34605435	4	EPI-151,EPI-153	EPI-169,EPI-159	1	1	0.968253968253968	0.844444444444444	0.578947368421053	0.917808219178082	NA	1	0.786885245901639	0.888888888888889	0.6875	0.851851851851852
Scaffold_12	35226180	35226236	3	EPI-154,EPI-161,EPI-162	EPI-168	0	0	0	0.68	NA	0.333333333333333	0.538461538461538	0.647058823529412	0.285714285714286	0	0.0625	NA
Scaffold_12	37884374	37884403	5	EPI-161,EPI-160	EPI-151,EPI-168	0.592592592592593	0.693069306930693	0.814159292035398	0.797297297297297	0.839285714285714	0.849462365591398	0.806122448979592	0.716216216216216	0.671232876712329	0.585365853658537	0.640625	0.693548387096774
Scaffold_12	41217707	41217718	3	EPI-151,EPI-153	EPI-159,EPI-170	0.428571428571429	0.216666666666667	0.72	0.181818181818182	0.0227272727272727	0.1	0.0666666666666667	0.0526315789473684	0.137931034482759	0.0943396226415094	0.3	0
Scaffold_12	42987501	42987705	8	EPI-167,EPI-169		0.00558659217877095	0.00895522388059702	0.00816326530612245	0	0.00934579439252336	0.00597014925373134	0	0.00378787878787879	0.0263157894736842	0.0111940298507463	0.136279926335175	0.00529100529100529
Scaffold_12	47785533	47785585	6	EPI-160,EPI-152,EPI-161	EPI-167,EPI-169	0.8	0.917525773195876	0.757575757575758	0.857142857142857	0.7	0.983870967741935	0.942857142857143	0.92	0.637362637362637	0.888888888888889	0.514285714285714	0.833333333333333
Scaffold_13	3289499	3289529	7	EPI-160,EPI-162		0	0	0	0	0	0.117647058823529	0	0.0555555555555556	0	0	NA	0.02
Scaffold_13	10616788	10616866	6	EPI-168,EPI-169	EPI-154	0.0819672131147541	0.0918367346938776	0	0.0657894736842105	NA	0.111111111111111	0.196078431372549	0.255813953488372	0.121621621621622	0.474747474747475	0.385714285714286	0.315068493150685
Scaffold_13	12130687	12130830	6	EPI-160,EPI-159	EPI-152,EPI-154	0.531531531531532	0.326923076923077	0.517543859649123	0.323232323232323	0.631578947368421	0.673267326732673	0.416666666666667	0.622641509433962	0.510204081632653	0.423076923076923	0.314285714285714	0.325396825396825
Scaffold_13	17484694	17484793	5	EPI-152,EPI-151,EPI-153	EPI-160,EPI-170,EPI-159	0.945652173913043	0.875739644970414	0.868421052631579	0.734042553191489	0.697674418604651	0.612403100775194	0.8	0.873015873015873	0.785714285714286	0.78	0.909090909090909	0.767241379310345
Scaffold_13	17573586	17573692	6	EPI-153,EPI-154,EPI-168		0.0246305418719212	0.0224719101123595	0.259259259259259	0.123376623376623	0.0555555555555556	0.00970873786407767	0.0126582278481013	0.0106382978723404	0.0171428571428571	0.100961538461538	0.0542635658914729	0.072463768115942
Scaffold_13	26851135	26851161	5	EPI-152,EPI-154,EPI-161	EPI-168	NA	0.492307692307692	0.423076923076923	0.484375	0.285714285714286	0.215384615384615	0.485294117647059	0.209302325581395	0.257142857142857	0.0731707317073171	0.478260869565217	0.142857142857143
Scaffold_13	33214085	33214120	4	EPI-151,EPI-154,EPI-170		0.459459459459459	0.0657894736842105	0.0285714285714286	0.333333333333333	0.0454545454545455	0.178571428571429	0.131578947368421	0	0.0769230769230769	0.027027027027027	0.0769230769230769	0.439024390243902
Scaffold_13	33402659	33402671	3	EPI-153,EPI-151	EPI-167	0.891891891891892	0.84375	0.967741935483871	0.777777777777778	0.785714285714286	0.604651162790698	0.5625	0.708333333333333	0.315789473684211	0.772727272727273	0.619047619047619	0.875
Scaffold_13	35734349	35734372	3	EPI-167,EPI-169	EPI-153	0.611111111111111	0.686666666666667	0.517482517482518	0.628787878787879	0.6	0.738916256157635	0.686046511627907	0.625	0.778443113772455	0.686567164179104	0.761627906976744	0.621951219512195
Scaffold_13	35896561	35896644	6	EPI-159,EPI-169,EPI-168	EPI-152	0.2	0.2	0.551724137931034	0.366666666666667	0.815789473684211	0.531914893617021	0	NA	0.298245614035088	0.842105263157895	0.790697674418605	0.666666666666667
Scaffold_13	41430317	41430601	11	EPI-160,EPI-168,EPI-162		0	0.024390243902439	0.0676691729323308	0	0.00917431192660551	0.0792452830188679	0.0229885057471264	0.0566037735849057	0.0321543408360129	0.0983606557377049	0.013953488372093	0.0218579234972678
Scaffold_13	44022564	44022587	4	EPI-152,EPI-151	EPI-160,EPI-167	1	0.980769230769231	0.838709677419355	0.944444444444444	0.967741935483871	0.6	0.862068965517241	0.869565217391304	0.724137931034483	0.966666666666667	0.705882352941177	1
Scaffold_13	44152726	44152838	6	EPI-160,EPI-167,EPI-169	EPI-151,EPI-154	0	NA	0.926829268292683	0	NA	0.909090909090909	1	0.606060606060606	0.952380952380952	0.428571428571429	0.886792452830189	0.4
Scaffold_14	5562666	5562884	4	EPI-151,EPI-153,EPI-152	EPI-159,EPI-160	0.746835443037975	0.674418604651163	0.5	NA	0.777777777777778	0.3125	0.588235294117647	NA	0.428571428571429	0.476190476190476	0.4	1
Scaffold_14	8232263	8232286	4	EPI-168,EPI-167		0.0357142857142857	0	0	0	NA	0	0	0	0.266666666666667	0.142857142857143	NA	0
Scaffold_14	9271487	9271596	5	EPI-151,EPI-152,EPI-153		0.454545454545455	0.230769230769231	0.5	0	0.0294117647058824	0	0	0	0.0333333333333333	NA	0	0
Scaffold_14	9376591	9376604	3	EPI-154,EPI-160,EPI-159		0	0.0714285714285714	0	0.0769230769230769	0.5	0.178571428571429	0	0	0	0	0.0454545454545455	0.0303030303030303
Scaffold_14	9415187	9415226	5	EPI-151,EPI-153	EPI-169	0.329113924050633	0.0662251655629139	0.158940397350993	0.0853658536585366	0.0444444444444444	0.0695652173913043	0.0853658536585366	0.0612244897959184	0.135135135135135	0.130434782608696	0.0206185567010309	0.102564102564103
Scaffold_14	10758449	10758591	11	EPI-151,EPI-162,EPI-161,EPI-153,EPI-152	EPI-170,EPI-168	0.128571428571429	0.216216216216216	0.0909090909090909	0.050561797752809	0	0.0714285714285714	0.282051282051282	0.255102040816327	0.0298507462686567	0.018348623853211	0	0
Scaffold_14	11531501	11531522	4	EPI-153,EPI-154		0.0675675675675676	0.024390243902439	0.0794701986754967	0.127450980392157	0	0	0	0	0.0324675324675325	0.024	0.00869565217391304	0.0176991150442478
Scaffold_14	11637561	11637570	3	EPI-167,EPI-169		0	0.166666666666667	0	0	NA	0.0666666666666667	0.12	0	0.344827586206897	0.0666666666666667	0.195121951219512	0.0303030303030303
Scaffold_14	13484681	13484708	3	EPI-151,EPI-152	EPI-159,EPI-169	0.977777777777778	0.928571428571429	0.738095238095238	0.740740740740741	0.659090909090909	0.733333333333333	0.941176470588235	0.6	0.666666666666667	0.916666666666667	0.657142857142857	0.909090909090909
Scaffold_14	18371793	18371887	5	EPI-151,EPI-152	EPI-160,EPI-159,EPI-167,EPI-169	0.886075949367089	0.827586206896552	0.607142857142857	0.88	0.620689655172414	0.6	0.5	0.833333333333333	0.527777777777778	0.821428571428571	0.470588235294118	0.8
Scaffold_14	18595554	18595594	7	EPI-151,EPI-152,EPI-168	EPI-160,EPI-162	0.666666666666667	0.658227848101266	0.307692307692308	0.1875	0.333333333333333	0.016260162601626	0	0.0677966101694915	NA	0.514285714285714	0	0.361111111111111
Scaffold_14	19301764	19302034	3	EPI-167,EPI-169	EPI-154	0.454954954954955	0.479166666666667	NA	0.125	NA	0	0.645161290322581	0.207207207207207	0.513392857142857	0.351851851851852	0.578680203045685	0.379310344827586
Scaffold_14	20374560	20374583	3	EPI-160,EPI-167,EPI-159	EPI-153,EPI-151	0.00956022944550669	0.0263157894736842	0.0104529616724739	0.0092378752886836	0.0397877984084881	0.0396659707724426	0.00657894736842105	0.0365853658536585	0.05	0.00998003992015968	0.0037037037037037	0.0237068965517241
Scaffold_14	20813693	20813714	3	EPI-167,EPI-169		0.0307692307692308	0	0	0	0	0.0694444444444444	0.0769230769230769	0	0.146666666666667	0.0666666666666667	0.133333333333333	0.0555555555555556
Scaffold_14	22489666	22489738	7	EPI-167,EPI-169,EPI-154,EPI-168		0.00549450549450549	0.00628930817610063	0.0258064516129032	0.0769230769230769	0.0111111111111111	0	0	0.0117647058823529	0.0978260869565217	0.0903225806451613	0.111111111111111	0.00675675675675676
Scaffold_14	24151195	24151265	3	EPI-151,EPI-152	EPI-161,EPI-167	0.521739130434783	0.443514644351464	0.270588235294118	0.352459016393443	0.337349397590361	0.468531468531469	0.136363636363636	0.396551724137931	0.228187919463087	0.293233082706767	0.455445544554455	0.426229508196721
Scaffold_14	31099248	31099476	9	EPI-151,EPI-152	EPI-169,EPI-160	0.978723404255319	0.966101694915254	0.75	NA	NA	0	0.6	0.666666666666667	NA	0.6	0.0491803278688525	0.651162790697674
Scaffold_14	32548068	32548081	3	EPI-160,EPI-162,EPI-151	EPI-170	0.634615384615385	0.363636363636364	0.404761904761905	0.346153846153846	0.424242424242424	0.645161290322581	0.25	0.72972972972973	0.53125	0.3	0.5	0.224137931034483
Scaffold_14	34996170	34996188	3	EPI-151,EPI-153,EPI-161	EPI-170	0.854545454545454	0.7	0.788732394366197	0.626666666666667	0.794871794871795	0.583333333333333	1	0.466666666666667	0.515151515151515	0.56	0.5625	0.418181818181818
Scaffold_14	35997244	35997280	5	EPI-151,EPI-153	EPI-159,EPI-161,EPI-170	0.916666666666667	0.766666666666667	0.945945945945946	0.82	0.518518518518518	0.85	0.324324324324324	0.6	0.705882352941177	0.84375	0.863636363636364	0.444444444444444
Scaffold_14	36669716	36669750	3	EPI-151,EPI-153	EPI-159	0.911764705882353	0.76	0.82089552238806	0.645161290322581	0.423076923076923	0.618181818181818	NA	0.866666666666667	0.72972972972973	NA	0.645161290322581	0.521739130434783
Scaffold_14	40161320	40161336	3	EPI-159,EPI-161	EPI-170	0.791666666666667	0.833333333333333	0.631578947368421	0.6	0.958333333333333	0.666666666666667	1	NA	0.6	NA	0.6	0.266666666666667
Scaffold_14	40360179	40360206	5	EPI-160,EPI-169,EPI-167		0	0	0	0	0.0112359550561798	0.141509433962264	0	0.0236220472440945	0.0617283950617284	0	0.0719424460431655	0.0173913043478261
Scaffold_14	42141032	42141180	11	EPI-151,EPI-152,EPI-153,EPI-154	EPI-167,EPI-160,EPI-162	0.441087613293051	0.42	0.422712933753943	0.389240506329114	0.382882882882883	0.208762886597938	0.252941176470588	0.168888888888889	0.154195011337868	0.321782178217822	0.333333333333333	0.305841924398625
Scaffold_14	45226623	45226874	4	EPI-152,EPI-168,EPI-169	EPI-160,EPI-162,EPI-161	0.573333333333333	0.579710144927536	0.377049180327869	0.5	0.304347826086957	0.152777777777778	0.125	0.181818181818182	0.542168674698795	0.659090909090909	0.666666666666667	0.449438202247191
Scaffold_15	5119823	5119840	3	EPI-159,EPI-167,EPI-168	EPI-151,EPI-153	0	0.114285714285714	0.0163934426229508	0.161764705882353	0.393939393939394	0.1	0.136363636363636	0.304347826086957	0.307692307692308	0.277777777777778	0.16	0.13953488372093
Scaffold_15	5536494	5536699	10	EPI-153,EPI-152	EPI-160,EPI-167	0.252427184466019	0.62987012987013	0.348484848484849	0.354838709677419	0.423913043478261	0.192982456140351	0.244604316546763	0.366459627329193	0.177777777777778	0.32	0.319444444444444	0.276315789473684
Scaffold_15	6148794	6148804	3	EPI-151,EPI-152		0.238095238095238	0.27027027027027	0	0	0	0	0.0810810810810811	0.0188679245283019	0	0.12	0	0
Scaffold_15	6150438	6150448	4	EPI-167,EPI-168	EPI-152,EPI-153	0.125827814569536	0.0136986301369863	0	0.14375	0.111111111111111	0.0869565217391304	0.103174603174603	0.153846153846154	0.233766233766234	0.186666666666667	0.145833333333333	0.096
Scaffold_15	7014294	7014318	7	EPI-160,EPI-162	EPI-151,EPI-152	0.0151515151515152	0.0416666666666667	0.0694444444444444	0.148648648648649	0.2	0.264367816091954	0	0.265625	0.0895522388059701	NA	0.0952380952380952	0.0816326530612245
Scaffold_15	7690841	7690865	3	EPI-167,EPI-169	EPI-152	0.0740740740740741	0	0.0714285714285714	0	NA	0.0952380952380952	0	0.205128205128205	0.244444444444444	0	0.206896551724138	0
Scaffold_15	7920720	7920752	3	EPI-151,EPI-152,EPI-169	EPI-160	0.432835820895522	0.333333333333333	0	0.0416666666666667	0	0.0545454545454545	0.225	0.113207547169811	0.0303030303030303	0.28	0.375	0.0350877192982456
Scaffold_15	8660969	8661013	5	EPI-170,EPI-168	EPI-153	1	1	0.5	0.833333333333333	NA	1	1	0.72	0.764705882352941	1	0.933333333333333	0.974358974358974
Scaffold_15	14421210	14421288	7	EPI-151,EPI-167,EPI-169,EPI-153	EPI-160,EPI-159	0.636363636363636	0.547826086956522	0.586666666666667	0.413793103448276	0.173913043478261	0.278350515463918	0.573333333333333	0.227272727272727	0.74	0.641025641025641	0.741935483870968	0.466666666666667
Scaffold_15	14964839	14964880	8	EPI-151,EPI-152	EPI-159,EPI-170	0.974358974358974	0.954545454545455	1	0.963636363636364	0.625	0.886075949367089	1	0.91304347826087	0.872549019607843	1	0.727272727272727	0.527777777777778
Scaffold_15	15899920	15899937	3	EPI-167,EPI-170	EPI-161	0.12	0.0909090909090909	0.260869565217391	NA	0.09375	0.285714285714286	0	0.15	0.434782608695652	0.137931034482759	0	0.352941176470588
Scaffold_15	17160223	17160283	6	EPI-151,EPI-153	EPI-159,EPI-160,EPI-161,EPI-168	1	0.870967741935484	0.989130434782609	0.841269841269841	0.854166666666667	0.792079207920792	0.740740740740741	NA	0.807017543859649	0.76271186440678	0.94047619047619	0.775862068965517
Scaffold_15	18760360	18760426	3	EPI-152,EPI-154		0.0380952380952381	0.134831460674157	0.0378787878787879	0.184	0.145833333333333	0.0763888888888889	0.0449438202247191	0.0784313725490196	0.0487804878048781	0.0816326530612245	0.0816326530612245	0.0584415584415584
Scaffold_15	19156724	19156967	4	EPI-152,EPI-154,EPI-168	EPI-159	0.10989010989011	0.302752293577982	0.276595744680851	0.366666666666667	0	0.112676056338028	0.257575757575758	0.107692307692308	0.113207547169811	0.439393939393939	0.212765957446809	0.126760563380282
Scaffold_15	21880572	21880645	7	EPI-152,EPI-154,EPI-153	EPI-167,EPI-169,EPI-159,EPI-170	0.420289855072464	0.489130434782609	0.370689655172414	0.392156862745098	0.142857142857143	0.216216216216216	0.347826086956522	0.294117647058824	0.121019108280255	0.304	0.173913043478261	0.181102362204724
Scaffold_15	23928187	23928275	5	EPI-159,EPI-160	EPI-168	0.214285714285714	0.0679611650485437	0.275	0.0975609756097561	0.217391304347826	0.363636363636364	NA	0.166666666666667	0.157303370786517	0	0.0363636363636364	0.0161290322580645
Scaffold_15	30260219	30260245	4	EPI-159,EPI-160,EPI-170		0.104166666666667	0.0769230769230769	0.10958904109589	0.0735294117647059	0.37037037037037	0.3	0.0689655172413793	0.145161290322581	0.123076923076923	0.195121951219512	0.102564102564103	0.307692307692308
Scaffold_15	30305384	30305399	3	EPI-167,EPI-170	EPI-160	NA	0.615384615384615	0.909090909090909	0.625	0.571428571428571	0.4375	NA	1	1	0.8	0.538461538461538	1
Scaffold_15	32103577	32103605	3	EPI-153,EPI-160,EPI-162	EPI-170	0	0.0344827586206897	0.41304347826087	0	0	0.478260869565217	0	0.428571428571429	0.15	0	0.1	0
Scaffold_15	34387742	34387828	6	EPI-151,EPI-152,EPI-160	EPI-167	0.666666666666667	0.333333333333333	0.189189189189189	0.4	0.2	0.363636363636364	0.024390243902439	NA	0.0317460317460317	0	0.289473684210526	0
Scaffold_15	36488046	36488271	8	EPI-154,EPI-151	EPI-170,EPI-160,EPI-162	0.413793103448276	0	0.0333333333333333	0.682926829268293	0	0.0217391304347826	0	0.015625	0.0181818181818182	0	0.027027027027027	0
Scaffold_15	37393492	37393579	3	EPI-167,EPI-162,EPI-169	EPI-151	0.04	0.0952380952380952	0.333333333333333	0.333333333333333	NA	0.0909090909090909	0	0.666666666666667	0.392857142857143	NA	0.692307692307692	0.6
Scaffold_15	41006972	41006991	3	EPI-160,EPI-162	EPI-152,EPI-170	0	0	0.09375	0.0158730158730159	0	0.288135593220339	0	0.128571428571429	0.0218978102189781	0.0847457627118644	0.0666666666666667	0
Scaffold_15	43562911	43563121	6	EPI-167,EPI-169,EPI-170,EPI-154		0	0	0	0.267857142857143	0.0444444444444444	0	0	0	0.372549019607843	0	0.145833333333333	0.22972972972973
Scaffold_15	46186340	46186566	4	EPI-167,EPI-169,EPI-160	EPI-154,EPI-152	0.0212765957446809	0.0247678018575851	0.0271739130434783	0.0281385281385281	0.040650406504065	0.0817307692307692	0.0279503105590062	0.0521978021978022	0.107260726072607	0.0242290748898678	0.090702947845805	0.0463917525773196
Scaffold_16	1816361	1816582	6	EPI-153,EPI-154	EPI-167,EPI-170	0.221153846153846	0.0102040816326531	0.465753424657534	0.389473684210526	0	0.0285714285714286	0.032258064516129	0.0357142857142857	0.0119047619047619	0.0461538461538462	0.0161290322580645	0.0388349514563107
Scaffold_16	2447393	2447487	4	EPI-151,EPI-153	EPI-159	0.690265486725664	NA	0.732394366197183	0.584905660377358	0.338983050847458	0.333333333333333	NA	0.4	0.45	0.2	NA	0.48
Scaffold_16	12077807	12077833	6	EPI-151,EPI-152	EPI-167	0.563636363636364	0.545454545454545	0.342105263157895	0.666666666666667	NA	0.41304347826087	0.470588235294118	0.2	0	0.3	NA	0.375
Scaffold_16	20084351	20084439	4	EPI-168,EPI-169,EPI-167	EPI-151,EPI-152,EPI-154,EPI-159	0	0	0.55	0	0	0.203703703703704	0.4	0.6	0.523809523809524	0.703703703703704	0.528301886792453	0.244897959183673
Scaffold_16	26686504	26686664	3	EPI-167,EPI-170		0.0106888361045131	0.0103675777568332	0.0120160213618158	0.0035377358490566	0.00167785234899329	0.0131180625630676	0.0010752688172043	0.00420609884332282	0.0252951096121417	0.00634517766497462	0.00827814569536424	0.0220440881763527
Scaffold_16	26686944	26687243	7	EPI-167,EPI-153,EPI-154	EPI-159,EPI-161	0.0155403814457264	0.0155410590943975	0.0185567010309278	0.0149217809867629	0.0121790651744569	0.0133973205358928	0.00766372503483511	0.0125210691066699	0.028765690376569	0.00981565717021786	0.0100421120829284	0.0102585145670907
Scaffold_16	26830144	26830172	6	EPI-160,EPI-167,EPI-168	EPI-151	0.243589743589744	0.323076923076923	0.352941176470588	0.268292682926829	0.478260869565217	0.640625	0.2	NA	0.6	0.62962962962963	0.264705882352941	0.463414634146341
Scaffold_16	30137117	30137494	9	EPI-151,EPI-154	EPI-169,EPI-160,EPI-168	0.633663366336634	0	0.0526315789473684	0.625	0	0.0188679245283019	0	0	0	0	0.0119047619047619	0
Scaffold_16	31625355	31625440	7	EPI-153,EPI-154	EPI-161,EPI-167	0.938775510204082	0.828947368421053	0.92	0.888888888888889	0.8	NA	0.654761904761905	0.846153846153846	0.480519480519481	0.818181818181818	0.764150943396226	0.846153846153846
Scaffold_17	5169133	5169182	7	EPI-152,EPI-153	EPI-168	0.0357142857142857	0.236111111111111	0.245283018867925	0.05	0	0	0.0363636363636364	0	0.102040816326531	0	0	0.125
Scaffold_17	8465396	8465476	8	EPI-152,EPI-154		0	0.357142857142857	0.0454545454545455	0.2	0	0.0404040404040404	0.0163934426229508	0.0125	0.018348623853211	0.0657894736842105	0.00980392156862745	0.121212121212121
Scaffold_17	15016023	15016264	12	EPI-151,EPI-152	EPI-169,EPI-159,EPI-160,EPI-168	0.219298245614035	0.409448818897638	0.0769230769230769	NA	0	0.138888888888889	NA	0.164383561643836	0	0.0775862068965517	0.0375	0.191780821917808
Scaffold_17	17767328	17767566	7	EPI-151,EPI-153,EPI-152		0.12987012987013	0.240963855421687	0.181818181818182	0	0.1875	0.0412371134020619	0	0	0.0224719101123595	0	0.142857142857143	0
Scaffold_17	20109204	20109215	3	EPI-151,EPI-152	EPI-160,EPI-170	0.519230769230769	0.652173913043478	0.484848484848485	0.35	0.538461538461538	0.230769230769231	0.377358490566038	0.357142857142857	0.384615384615385	0.354838709677419	0.513513513513513	0.0983606557377049
Scaffold_17	28086259	28086267	3	EPI-160,EPI-167,EPI-169		0.333333333333333	0.375	0.333333333333333	0.323529411764706	0.375	0.833333333333333	NA	0.733333333333333	0.904761904761905	0.333333333333333	0.818181818181818	0.321428571428571
Scaffold_17	28286864	28286887	4	EPI-152,EPI-153		0.25	0.7	0.64	0.125	NA	0.3125	0.2	0.484848484848485	0.394736842105263	NA	0.181818181818182	0.4
Scaffold_17	29115543	29115554	3	EPI-168,EPI-169		0	0	0.0869565217391304	0.166666666666667	0	0.1	NA	0	0.2	0.6	0.285714285714286	0
Scaffold_17	31549469	31549782	8	EPI-167,EPI-169		0.00552486187845304	0.00657894736842105	0.0192307692307692	0.0128205128205128	0.0101010101010101	0.0342857142857143	0	0	0.19375	0.00689655172413793	0.107142857142857	0.00769230769230769
Scaffold_17	33178927	33178955	5	EPI-153,EPI-154,EPI-167		0.00404858299595142	0.00719424460431655	0.043956043956044	0.0663507109004739	0.00884955752212389	0	0.0126582278481013	0.0141843971631206	0.0476190476190476	0.00680272108843537	0.0324675324675325	0
Scaffold_18	2511169	2511265	4	EPI-151,EPI-159,EPI-162		0.333333333333333	0.0810810810810811	0.0833333333333333	0.0277777777777778	0.655172413793103	0.05	0.2	0.486486486486487	0	0	0	0.0384615384615385
Scaffold_18	6872255	6872436	6	EPI-167,EPI-169	EPI-154,EPI-162,EPI-152	0.323529411764706	0.425	0.456521739130435	0.289855072463768	0.45	0.359375	0.568965517241379	0.195121951219512	0.689393939393939	0.375	0.682170542635659	0.426829268292683
Scaffold_18	9562272	9562285	4	EPI-152,EPI-154	EPI-160,EPI-161	0.609756097560976	0.901960784313726	0.837209302325581	0.933333333333333	0.866666666666667	0.661016949152542	0.424242424242424	0.68	0.7	0.63768115942029	0.796296296296296	0.717948717948718
Scaffold_18	11408718	11408742	3	EPI-161,EPI-152,EPI-154	EPI-167	0.407407407407407	0.684210526315789	0.472222222222222	0.647058823529412	0.675675675675676	0.46875	0.791666666666667	0.555555555555556	0.172413793103448	0.566666666666667	0.555555555555556	0.466666666666667
Scaffold_18	11663405	11663438	4	EPI-152,EPI-153	EPI-159	0.428571428571429	0.782051282051282	0.931034482758621	0.685714285714286	0.217391304347826	0.606060606060606	0.702702702702703	NA	NA	0.528301886792453	0.783783783783784	0.666666666666667
Scaffold_18	18434831	18435007	3	EPI-168,EPI-170	EPI-152	0.449438202247191	0.273381294964029	0.588235294117647	0.578947368421053	0.596774193548387	0.457943925233645	0.342857142857143	0.506849315068493	0.483870967741935	0.794520547945205	0.336734693877551	0.582278481012658
Scaffold_18	18632199	18632240	5	EPI-153,EPI-154	EPI-160,EPI-161	0.302083333333333	0.232142857142857	0.627906976744186	0.4375	NA	0.0363636363636364	0.0277777777777778	0.298245614035088	0.191780821917808	0.232558139534884	0.278688524590164	0.39344262295082
Scaffold_18	20818273	20818488	6	EPI-170,EPI-168	EPI-154,EPI-162	0.6	0.951612903225806	0.5	0.555555555555556	0.741935483870968	0.845070422535211	0.785714285714286	0.564516129032258	0.740740740740741	0.782945736434108	0.793103448275862	0.84
Scaffold_18	26696145	26696185	6	EPI-152,EPI-151	EPI-161,EPI-162	0.604166666666667	0.584905660377358	0.436893203883495	0.363636363636364	0.389830508474576	0.283333333333333	0.225352112676056	0.16	0.278688524590164	0.5	0.358695652173913	NA
