PGA_scaffold10__49_contigs__length_53961475	919001	920000	*	2.25654005615097e-06	0.000150582436335102	57.5757575757576
PGA_scaffold10__49_contigs__length_53961475	1122001	1123000	*	0.000343197530924404	0.00702156828693348	51.5669515669516
PGA_scaffold10__49_contigs__length_53961475	2634001	2635000	*	1.85767501962757e-11	5.75200154501614e-09	56.4705882352941
PGA_scaffold10__49_contigs__length_53961475	3389001	3390000	*	1.93748769777264e-05	0.00081296118846536	64.7058823529412
PGA_scaffold10__49_contigs__length_53961475	5687001	5688000	*	4.84297262545602e-06	0.000276702879887244	64.6616541353383
PGA_scaffold10__49_contigs__length_53961475	6374001	6375000	*	9.46592108992785e-05	0.00273313165937964	-57.6023391812865
PGA_scaffold10__49_contigs__length_53961475	7850001	7851000	*	2.6668253869129e-06	0.000173099608481144	-66.6666666666667
PGA_scaffold10__49_contigs__length_53961475	7947001	7948000	*	6.59039293131839e-06	0.000350193701703119	54.1666666666667
PGA_scaffold10__49_contigs__length_53961475	10096001	10097000	*	0.000132788517179699	0.00351282334051572	51.1904761904762
PGA_scaffold10__49_contigs__length_53961475	11966001	11967000	*	1.43228120058716e-05	0.000644115019432542	56.7765567765568
PGA_scaffold10__49_contigs__length_53961475	16105001	16106000	*	6.33856688881363e-10	1.34964054641008e-07	69.5046439628483
PGA_scaffold10__49_contigs__length_53961475	17718001	17719000	*	0.000176392175241588	0.00432892676235269	53.3333333333333
PGA_scaffold10__49_contigs__length_53961475	20134001	20135000	*	4.4564932520408e-06	0.000259741859728554	62.9090909090909
PGA_scaffold10__49_contigs__length_53961475	22988001	22989000	*	1.84004202588031e-07	1.88454455249528e-05	-57.7114427860696
PGA_scaffold10__49_contigs__length_53961475	24143001	24144000	*	0.000479468500191486	0.00893087537443524	53.11004784689
PGA_scaffold10__49_contigs__length_53961475	24641001	24642000	*	4.58942199413626e-09	7.72847993386076e-07	60.5263157894737
PGA_scaffold10__49_contigs__length_53961475	25679001	25680000	*	2.45310275601437e-06	0.000161233344538267	-56.4347826086957
PGA_scaffold10__49_contigs__length_53961475	27140001	27141000	*	7.97844859075889e-06	0.000408570609192606	52.0376175548589
PGA_scaffold10__49_contigs__length_53961475	30462001	30463000	*	5.14379514509306e-05	0.00171913576448359	-59.4444444444444
PGA_scaffold10__49_contigs__length_53961475	33052001	33053000	*	2.49151818858488e-14	1.22016605099548e-11	-54.6037562986716
PGA_scaffold10__49_contigs__length_53961475	33513001	33514000	*	2.22663513249683e-11	6.78930439149533e-09	59.1973244147157
PGA_scaffold10__49_contigs__length_53961475	38585001	38586000	*	5.93519763286656e-13	2.3619398206797e-10	-62.4077800134138
PGA_scaffold10__49_contigs__length_53961475	39549001	39550000	*	2.4980890310748e-08	3.40407807092576e-06	60.7816711590296
PGA_scaffold10__49_contigs__length_53961475	41068001	41069000	*	1.1995416919755e-06	9.05893513925714e-05	-62.3376623376623
PGA_scaffold10__49_contigs__length_53961475	41988001	41989000	*	8.3109489894169e-06	0.000422084845232811	-62.5730994152047
PGA_scaffold10__49_contigs__length_53961475	43723001	43724000	*	2.25521539576282e-10	5.34510385203784e-08	51.5151515151515
PGA_scaffold10__49_contigs__length_53961475	44568001	44569000	*	1.4301931569961e-05	0.000643537808862968	-53.3333333333333
PGA_scaffold10__49_contigs__length_53961475	45073001	45074000	*	6.20837206553608e-06	0.000334411330059438	52.6315789473684
PGA_scaffold10__49_contigs__length_53961475	45674001	45675000	*	1.66037459547458e-09	3.14222863278368e-07	-50.4402861860209
PGA_scaffold10__49_contigs__length_53961475	51107001	51108000	*	1.29110665132281e-12	4.82263382687192e-10	65.1690821256039
PGA_scaffold10__49_contigs__length_53961475	53801001	53802000	*	1.64805523096908e-05	0.000719313120320586	56.25
PGA_scaffold11__79_contigs__length_51449921	1041001	1042000	*	7.01057023796724e-06	0.00036852208391352	-60
PGA_scaffold11__79_contigs__length_51449921	1542001	1543000	*	1.79695092206081e-17	1.40458748935689e-14	51.6083916083916
PGA_scaffold11__79_contigs__length_51449921	4230001	4231000	*	1.58636154185504e-06	0.000113609277230798	57.7777777777778
PGA_scaffold11__79_contigs__length_51449921	9488001	9489000	*	5.27797789349449e-05	0.00175250984982433	59.2592592592593
PGA_scaffold11__79_contigs__length_51449921	11089001	11090000	*	7.82508899527804e-15	4.21968692280784e-12	59.0163934426229
PGA_scaffold11__79_contigs__length_51449921	12100001	12101000	*	0.000225733433439882	0.00518958663993101	54.2342342342342
PGA_scaffold11__79_contigs__length_51449921	12220001	12221000	*	1.10155444584738e-14	5.79685023630411e-12	-63.8888888888889
PGA_scaffold11__79_contigs__length_51449921	20859001	20860000	*	7.02284458586866e-06	0.000368924857194526	-57.1428571428571
PGA_scaffold11__79_contigs__length_51449921	21314001	21315000	*	5.42429473951757e-16	3.44351861704041e-13	58.1463414634146
PGA_scaffold11__79_contigs__length_51449921	21743001	21744000	*	7.23644722094443e-11	1.95113063405635e-08	-54.0780141843972
PGA_scaffold11__79_contigs__length_51449921	23760001	23761000	*	1.34303337301676e-08	1.97719796856999e-06	51.0964912280702
PGA_scaffold11__79_contigs__length_51449921	24129001	24130000	*	0.000476419197985633	0.00888925717294528	-50.9615384615385
PGA_scaffold11__79_contigs__length_51449921	26985001	26986000	*	1.18186212785346e-16	8.24440520803985e-14	73.4308817866769
PGA_scaffold11__79_contigs__length_51449921	27102001	27103000	*	1.27221592870491e-06	9.50975417650099e-05	-53.3333333333333
PGA_scaffold11__79_contigs__length_51449921	28143001	28144000	*	2.31927565377653e-07	2.2978897381171e-05	70.8333333333333
PGA_scaffold11__79_contigs__length_51449921	28907001	28908000	*	1.66251855757803e-17	1.3080297380974e-14	-52.4590163934426
PGA_scaffold11__79_contigs__length_51449921	30307001	30308000	*	1.79593067259869e-77	1.958925151588e-73	-54.5222929936306
PGA_scaffold11__79_contigs__length_51449921	30568001	30569000	*	6.82958827155153e-08	8.06135597738052e-06	55
PGA_scaffold11__79_contigs__length_51449921	30609001	30610000	*	7.04766296208292e-08	8.28209760616157e-06	-52.0512820512821
PGA_scaffold11__79_contigs__length_51449921	31522001	31523000	*	3.72234996400496e-09	6.4354466010666e-07	-52.1739130434783
PGA_scaffold11__79_contigs__length_51449921	32983001	32984000	*	0.00010205399125497	0.00288485783521982	-59.8901098901099
PGA_scaffold11__79_contigs__length_51449921	33976001	33977000	*	4.53677031978453e-11	1.28079263849751e-08	-53.2637853949329
PGA_scaffold11__79_contigs__length_51449921	39660001	39661000	*	0.00019691817788564	0.00469609331295225	-58.3333333333333
PGA_scaffold11__79_contigs__length_51449921	45158001	45159000	*	5.14040541578208e-10	1.12445401712587e-07	-52.2836879432624
PGA_scaffold11__79_contigs__length_51449921	46205001	46206000	*	1.93383800920691e-05	0.000811997725302046	-53.3444816053512
PGA_scaffold11__79_contigs__length_51449921	46709001	46710000	*	8.42991723497298e-10	1.7438787150463e-07	-53.0920060331825
PGA_scaffold11__79_contigs__length_51449921	47042001	47043000	*	9.37350876300497e-05	0.00271723827276263	-51.3888888888889
PGA_scaffold12__71_contigs__length_50438331	795001	796000	*	1.85813400770887e-07	1.89983068422638e-05	51.9077901430843
PGA_scaffold12__71_contigs__length_50438331	1691001	1692000	*	7.05616671457948e-09	1.12958302100783e-06	67.4358974358974
PGA_scaffold12__71_contigs__length_50438331	2110001	2111000	*	0.000197556337295949	0.00470727233947191	-52.5925925925926
PGA_scaffold12__71_contigs__length_50438331	2315001	2316000	*	5.88469673238032e-05	0.00190854328706081	57.9710144927536
PGA_scaffold12__71_contigs__length_50438331	2348001	2349000	*	6.64834895651914e-09	1.07360852775423e-06	-62.5
PGA_scaffold12__71_contigs__length_50438331	6347001	6348000	*	0.000113173167528244	0.00311871727769722	54.2608695652174
PGA_scaffold12__71_contigs__length_50438331	6864001	6865000	*	1.19164318326749e-06	9.009283762393e-05	-50.5149051490515
PGA_scaffold12__71_contigs__length_50438331	10774001	10775000	*	7.08114485577483e-05	0.00219738635752946	51.1363636363636
PGA_scaffold12__71_contigs__length_50438331	12179001	12180000	*	7.13130209164072e-10	1.50640399294961e-07	70
PGA_scaffold12__71_contigs__length_50438331	14034001	14035000	*	0.000209393568798659	0.00490650141160282	-56.1904761904762
PGA_scaffold12__71_contigs__length_50438331	15743001	15744000	*	0.000124713203105922	0.0033516647058024	-54.5454545454545
PGA_scaffold12__71_contigs__length_50438331	16396001	16397000	*	1.73592286180672e-06	0.000122374752587358	-67.5
PGA_scaffold12__71_contigs__length_50438331	16469001	16470000	*	9.61678734376374e-31	2.09791690654882e-27	-65.6395891690009
PGA_scaffold12__71_contigs__length_50438331	16651001	16652000	*	3.04582453667272e-06	0.000192189435405918	54.047976011994
PGA_scaffold12__71_contigs__length_50438331	20095001	20096000	*	2.02097798203809e-06	0.000138601712084665	74
PGA_scaffold12__71_contigs__length_50438331	24901001	24902000	*	2.58478415009496e-08	3.49837613518884e-06	-59.1836734693878
PGA_scaffold12__71_contigs__length_50438331	24943001	24944000	*	1.01293272917863e-05	0.00049144785896048	59.5833333333333
PGA_scaffold12__71_contigs__length_50438331	27716001	27717000	*	1.43554860983399e-11	4.54767520286808e-09	-66.3949843260188
PGA_scaffold12__71_contigs__length_50438331	27929001	27930000	*	7.11698164626061e-08	8.35128853867193e-06	-78.5714285714286
PGA_scaffold12__71_contigs__length_50438331	29591001	29592000	*	7.54235854509876e-05	0.00230122668943811	51.6840882694541
PGA_scaffold12__71_contigs__length_50438331	29599001	29600000	*	9.41959719908943e-05	0.00272467397722161	52.3809523809524
PGA_scaffold12__71_contigs__length_50438331	29783001	29784000	*	1.52971005859324e-07	1.60647463733184e-05	63.3199464524766
PGA_scaffold12__71_contigs__length_50438331	37964001	37965000	*	1.07075620357684e-08	1.62110926571879e-06	54.0540540540541
PGA_scaffold12__71_contigs__length_50438331	38337001	38338000	*	0.000110126715461222	0.00305362296114235	-55.1724137931034
PGA_scaffold12__71_contigs__length_50438331	39283001	39284000	*	1.98870934676711e-05	0.00082808258387731	-53.9130434782609
PGA_scaffold12__71_contigs__length_50438331	41512001	41513000	*	1.72791400175127e-08	2.47695219948785e-06	-85.7142857142857
PGA_scaffold12__71_contigs__length_50438331	42236001	42237000	*	0.000334716217082887	0.00690040735864266	61.304347826087
PGA_scaffold12__71_contigs__length_50438331	47527001	47528000	*	5.09353599461786e-05	0.00170518827716915	52.9100529100529
PGA_scaffold12__71_contigs__length_50438331	47771001	47772000	*	7.65673549591231e-07	6.22412415035212e-05	66.6666666666667
PGA_scaffold12__71_contigs__length_50438331	47826001	47827000	*	8.29525421661175e-06	0.000421511649175043	63.5405690200211
PGA_scaffold12__71_contigs__length_50438331	48935001	48936000	*	3.99651874800831e-07	3.6354486844888e-05	52.0273154075971
PGA_scaffold12__71_contigs__length_50438331	49302001	49303000	*	1.18322766285121e-18	1.05552127162002e-15	-50.8323291828446
PGA_scaffold13__52_contigs__length_44396874	1911001	1912000	*	1.8275130629027e-07	1.87331163995732e-05	-51.5384615384615
PGA_scaffold13__52_contigs__length_44396874	4661001	4662000	*	5.21021449404519e-06	0.000292873719843344	-53.0612244897959
PGA_scaffold13__52_contigs__length_44396874	6235001	6236000	*	1.77364635333853e-10	4.30785464663335e-08	54.3478260869565
PGA_scaffold13__52_contigs__length_44396874	12560001	12561000	*	3.87999108943656e-05	0.00138686955897718	69.327731092437
PGA_scaffold13__52_contigs__length_44396874	13708001	13709000	*	3.96398692581384e-05	0.00140908733035891	55.8695652173913
PGA_scaffold13__52_contigs__length_44396874	13913001	13914000	*	7.8782020156915e-07	6.37607432103776e-05	-55
PGA_scaffold13__52_contigs__length_44396874	14318001	14319000	*	4.33174128962969e-11	1.22724156510594e-08	60.4504504504505
PGA_scaffold13__52_contigs__length_44396874	14369001	14370000	*	2.10948943545482e-08	2.94477714258632e-06	-52.0731707317073
PGA_scaffold13__52_contigs__length_44396874	14476001	14477000	*	3.99270898359083e-09	6.81933912044935e-07	70.046511627907
PGA_scaffold13__52_contigs__length_44396874	15425001	15426000	*	8.53006587306807e-05	0.00252707610658246	56.794425087108
PGA_scaffold13__52_contigs__length_44396874	18504001	18505000	*	6.57719246631792e-05	0.00207624785675475	-55.1724137931034
PGA_scaffold13__52_contigs__length_44396874	19448001	19449000	*	1.44789428912133e-11	4.57166309863866e-09	-52.9313929313929
PGA_scaffold13__52_contigs__length_44396874	25509001	25510000	*	7.19174854460275e-06	0.000376150843731696	-68.3991683991684
PGA_scaffold13__52_contigs__length_44396874	25917001	25918000	*	3.17764695288837e-07	3.01038062109356e-05	64.3939393939394
PGA_scaffold13__52_contigs__length_44396874	27348001	27349000	*	2.76717174983511e-05	0.00106894564842975	-58.4615384615385
PGA_scaffold13__52_contigs__length_44396874	27486001	27487000	*	4.85055815631129e-08	6.0466097155008e-06	-63.1578947368421
PGA_scaffold13__52_contigs__length_44396874	29401001	29402000	*	2.05896528895012e-07	2.08654530822787e-05	-63.3333333333333
PGA_scaffold13__52_contigs__length_44396874	29968001	29969000	*	3.56479188508452e-07	3.29645972269793e-05	-70
PGA_scaffold13__52_contigs__length_44396874	30171001	30172000	*	1.48491053066374e-07	1.56765974632556e-05	63.9676113360324
PGA_scaffold13__52_contigs__length_44396874	34239001	34240000	*	1.87895769323096e-06	0.000130729849930723	-53.9728682170543
PGA_scaffold13__52_contigs__length_44396874	34661001	34662000	*	0.000429804773490806	0.00825396327208101	63.75
PGA_scaffold13__52_contigs__length_44396874	34813001	34814000	*	2.93214294819977e-06	0.000186586218166237	57.6923076923077
PGA_scaffold13__52_contigs__length_44396874	36561001	36562000	*	7.74044910827792e-11	2.06842976323957e-08	-53.5483870967742
PGA_scaffold13__52_contigs__length_44396874	36680001	36681000	*	1.98439576851213e-08	2.79453566904986e-06	-70.4166666666667
PGA_scaffold13__52_contigs__length_44396874	38740001	38741000	*	1.57871912696134e-06	0.000113154121383852	56.6666666666667
PGA_scaffold13__52_contigs__length_44396874	39255001	39256000	*	0.000354676999544683	0.00718900789671966	-51.7241379310345
PGA_scaffold13__52_contigs__length_44396874	39340001	39341000	*	2.81883321727328e-05	0.0010840161345905	56.3025210084034
PGA_scaffold13__52_contigs__length_44396874	42680001	42681000	*	9.56731626025767e-09	1.47547376940806e-06	-60.9118541033435
PGA_scaffold14__91_contigs__length_45393038	1586001	1587000	*	1.941585943768e-11	6.00407147160848e-09	63.8888888888889
PGA_scaffold14__91_contigs__length_45393038	2973001	2974000	*	1.17693875459799e-15	7.20474728541422e-13	54.4540674296319
PGA_scaffold14__91_contigs__length_45393038	3247001	3248000	*	1.66861353809343e-07	1.73188435294342e-05	-51.2477175897748
PGA_scaffold14__91_contigs__length_45393038	3955001	3956000	*	1.9123394430181e-08	2.70257809369471e-06	-50.4371836171192
PGA_scaffold14__91_contigs__length_45393038	6930001	6931000	*	8.72493743559778e-09	1.36130970712417e-06	72.7272727272727
PGA_scaffold14__91_contigs__length_45393038	7714001	7715000	*	2.97581697735974e-14	1.44262008239314e-11	54.7633834306297
PGA_scaffold14__91_contigs__length_45393038	9052001	9053000	*	2.06373931676809e-07	2.08957251647884e-05	52.9411764705882
PGA_scaffold14__91_contigs__length_45393038	10111001	10112000	*	3.0472036567259e-07	2.91093696544053e-05	58.75
PGA_scaffold14__91_contigs__length_45393038	12922001	12923000	*	8.81108035190846e-11	2.31838350853208e-08	-69.0860215053763
PGA_scaffold14__91_contigs__length_45393038	14450001	14451000	*	8.0200857584588e-11	2.13128838079745e-08	-65.5913978494624
PGA_scaffold14__91_contigs__length_45393038	14768001	14769000	*	0.000343872571381731	0.00702998480656756	57.7922077922078
PGA_scaffold14__91_contigs__length_45393038	16853001	16854000	*	7.71423685219712e-05	0.0023420544776595	-56.547619047619
PGA_scaffold14__91_contigs__length_45393038	18507001	18508000	*	6.57745242423128e-11	1.78827381470759e-08	56.8792995622264
PGA_scaffold14__91_contigs__length_45393038	24906001	24907000	*	1.54766237010402e-09	2.96162210004148e-07	61.5384615384615
PGA_scaffold14__91_contigs__length_45393038	24912001	24913000	*	6.16959715200196e-05	0.00197795295642003	70
PGA_scaffold14__91_contigs__length_45393038	27598001	27599000	*	1.20610796931584e-05	0.000562319279974048	60
PGA_scaffold14__91_contigs__length_45393038	29664001	29665000	*	0.000214031050925834	0.00499225526610571	59.3939393939394
PGA_scaffold14__91_contigs__length_45393038	31132001	31133000	*	6.95058469097578e-07	5.76931435521851e-05	61.6666666666667
PGA_scaffold14__91_contigs__length_45393038	35363001	35364000	*	1.03242122639356e-07	1.14644470685131e-05	53.4240150093809
PGA_scaffold14__91_contigs__length_45393038	35618001	35619000	*	5.34475244929933e-05	0.00176978410016787	-57.1428571428571
PGA_scaffold14__91_contigs__length_45393038	36202001	36203000	*	1.23622836026392e-09	2.45168284153422e-07	65.2380952380952
PGA_scaffold14__91_contigs__length_45393038	43355001	43356000	*	1.55309364654052e-09	2.96964730483773e-07	58.2824760244115
PGA_scaffold15__101_contigs__length_47938513	874001	875000	*	3.22110689270968e-05	0.00119875674487195	59.9439775910364
PGA_scaffold15__101_contigs__length_47938513	9887001	9888000	*	1.52123738881542e-09	2.92037036907847e-07	-56.8306010928962
PGA_scaffold15__101_contigs__length_47938513	13014001	13015000	*	3.15392344881014e-08	4.1630173853049e-06	-65.4761904761905
PGA_scaffold15__101_contigs__length_47938513	14330001	14331000	*	1.81957911746948e-15	1.07811943781382e-12	-53.3912099837222
PGA_scaffold15__101_contigs__length_47938513	15260001	15261000	*	5.57576109106967e-06	0.000308010339731888	59.8240469208211
PGA_scaffold15__101_contigs__length_47938513	19880001	19881000	*	2.19012250391297e-22	2.85628500598124e-19	-60.9064112011791
PGA_scaffold15__101_contigs__length_47938513	19921001	19922000	*	2.84429110141375e-05	0.0010904858796874	-50.3296703296703
PGA_scaffold15__101_contigs__length_47938513	21072001	21073000	*	6.20376793730616e-05	0.00198731496197777	-50.5050505050505
PGA_scaffold15__101_contigs__length_47938513	22278001	22279000	*	6.25445341209758e-06	0.000336214261531274	-54.6689303904924
PGA_scaffold15__101_contigs__length_47938513	27806001	27807000	*	2.20750878100385e-06	0.000148217282711535	-50.9456264775414
PGA_scaffold15__101_contigs__length_47938513	28001001	28002000	*	2.44591073097249e-08	3.33866379117199e-06	-53.1645569620253
PGA_scaffold15__101_contigs__length_47938513	32586001	32587000	*	8.3621628088698e-11	2.21483499370975e-08	-51.7713365539452
PGA_scaffold15__101_contigs__length_47938513	34786001	34787000	*	3.06555339511189e-09	5.42900879442106e-07	-61.5089514066496
PGA_scaffold15__101_contigs__length_47938513	42940001	42941000	*	2.71348962331812e-08	3.66018614255318e-06	-54.6630727762803
PGA_scaffold15__101_contigs__length_47938513	42985001	42986000	*	1.62633316400953e-06	0.000115878783705333	-62.5
PGA_scaffold16__33_contigs__length_31980953	8733001	8734000	*	0.000155648935213783	0.00395495121748098	-53.3333333333333
PGA_scaffold16__33_contigs__length_31980953	9453001	9454000	*	9.01749181944282e-05	0.00263986536022591	50.5952380952381
PGA_scaffold16__33_contigs__length_31980953	10108001	10109000	*	0.000168002354788467	0.00418378668168599	56.4270152505447
PGA_scaffold16__33_contigs__length_31980953	10407001	10408000	*	6.67186695273775e-05	0.00209805504898068	-54.6511627906977
PGA_scaffold16__33_contigs__length_31980953	10871001	10872000	*	0.000316519270608263	0.00662544318719105	57.5
PGA_scaffold16__33_contigs__length_31980953	12363001	12364000	*	1.78462508256354e-10	4.32576331682352e-08	-52.962962962963
PGA_scaffold16__33_contigs__length_31980953	12961001	12962000	*	2.76690674891401e-07	2.6740452896154e-05	52.3715415019763
PGA_scaffold16__33_contigs__length_31980953	15703001	15704000	*	4.53067756733558e-09	7.65103226674032e-07	-52.1212121212121
PGA_scaffold16__33_contigs__length_31980953	16206001	16207000	*	3.28008776828741e-05	0.00121749697508806	56.045197740113
PGA_scaffold16__33_contigs__length_31980953	17463001	17464000	*	2.25689249264364e-07	2.24908228437917e-05	51.1627906976744
PGA_scaffold16__33_contigs__length_31980953	23153001	23154000	*	2.39054600721224e-06	0.000158117807375383	-55.2452830188679
PGA_scaffold16__33_contigs__length_31980953	26275001	26276000	*	3.85164297086627e-05	0.00137929563157714	58.7044534412955
PGA_scaffold16__33_contigs__length_31980953	26751001	26752000	*	9.76746110617627e-05	0.00279497410060562	57.1428571428571
PGA_scaffold16__33_contigs__length_31980953	28114001	28115000	*	4.87411792661209e-22	6.12369596992867e-19	72.972972972973
PGA_scaffold16__33_contigs__length_31980953	29678001	29679000	*	5.25836940732189e-06	0.000294616676533435	66.6666666666667
PGA_scaffold16__33_contigs__length_31980953	30132001	30133000	*	2.27379171987961e-18	1.94869380588915e-15	-57.1988795518207
PGA_scaffold17__51_contigs__length_34923512	2709001	2710000	*	4.89936624143387e-12	1.67238219731604e-09	50.5974264705882
PGA_scaffold17__51_contigs__length_34923512	2711001	2712000	*	4.96858635301403e-17	3.61301577440529e-14	55.9831682300342
PGA_scaffold17__51_contigs__length_34923512	3418001	3419000	*	2.84410623941205e-07	2.73982638046676e-05	-67.0068027210884
PGA_scaffold17__51_contigs__length_34923512	3488001	3489000	*	3.29623038117165e-07	3.09947289861156e-05	50.2199120351859
PGA_scaffold17__51_contigs__length_34923512	4151001	4152000	*	8.48393674875667e-08	9.6945818723935e-06	59.1219512195122
PGA_scaffold17__51_contigs__length_34923512	4291001	4292000	*	1.25170422469065e-06	9.38354625862395e-05	-68.997668997669
PGA_scaffold17__51_contigs__length_34923512	7275001	7276000	*	1.23322769781326e-11	3.93528676594344e-09	61.0766504209127
PGA_scaffold17__51_contigs__length_34923512	8348001	8349000	*	5.23277052707081e-05	0.00174111287649098	57.2727272727273
PGA_scaffold17__51_contigs__length_34923512	9982001	9983000	*	3.21736222260308e-14	1.55344014691053e-11	-52.3076923076923
PGA_scaffold17__51_contigs__length_34923512	9986001	9987000	*	1.10291926967173e-12	4.16793516577569e-10	76.9230769230769
PGA_scaffold17__51_contigs__length_34923512	10057001	10058000	*	5.07786140601188e-06	0.00028718408784457	-58.1730769230769
PGA_scaffold17__51_contigs__length_34923512	10064001	10065000	*	4.00494827773191e-07	3.63857698150345e-05	54.5150501672241
PGA_scaffold17__51_contigs__length_34923512	12550001	12551000	*	1.65187494815307e-08	2.37646857571748e-06	58.4905660377358
PGA_scaffold17__51_contigs__length_34923512	12927001	12928000	*	2.02878137368779e-29	4.05699953853969e-26	85.1351351351351
PGA_scaffold17__51_contigs__length_34923512	13223001	13224000	*	5.9963655536627e-05	0.00193638537904179	55.952380952381
PGA_scaffold17__51_contigs__length_34923512	15450001	15451000	*	0.000401223424526796	0.00784424440914158	-56.231884057971
PGA_scaffold17__51_contigs__length_34923512	15912001	15913000	*	1.17265513282745e-06	8.8942384354149e-05	75.7575757575758
PGA_scaffold17__51_contigs__length_34923512	15913001	15914000	*	1.5837754963797e-21	1.91946140712145e-18	89.8089171974522
PGA_scaffold17__51_contigs__length_34923512	16436001	16437000	*	1.61723292167562e-05	0.000708308133070749	-62.987012987013
PGA_scaffold17__51_contigs__length_34923512	18382001	18383000	*	8.08462356732795e-07	6.51238782152464e-05	-70
PGA_scaffold17__51_contigs__length_34923512	19884001	19885000	*	2.36863193176662e-09	4.31909389876453e-07	60.2272727272727
PGA_scaffold17__51_contigs__length_34923512	20403001	20404000	*	0.000363015507908649	0.00730368738058962	-59.9431818181818
PGA_scaffold17__51_contigs__length_34923512	20859001	20860000	*	1.90032342879626e-09	3.55178568355139e-07	-51.5151515151515
PGA_scaffold17__51_contigs__length_34923512	21794001	21795000	*	4.98978081637333e-06	0.000282935059240557	54.8340548340548
PGA_scaffold17__51_contigs__length_34923512	21795001	21796000	*	3.04576314414293e-32	7.17413873900055e-29	65.6331484378704
PGA_scaffold17__51_contigs__length_34923512	24981001	24982000	*	5.21841241873554e-36	1.58512042890934e-32	-54.228855721393
PGA_scaffold17__51_contigs__length_34923512	24986001	24987000	*	1.71667002378216e-13	7.43580538003237e-11	-70.2127659574468
PGA_scaffold17__51_contigs__length_34923512	24987001	24988000	*	2.4024472776555e-12	8.59176324285671e-10	-61.8025751072961
PGA_scaffold17__51_contigs__length_34923512	25699001	25700000	*	4.22603361703773e-06	0.000249044028898879	50.7180650037793
PGA_scaffold17__51_contigs__length_34923512	26273001	26274000	*	1.23694509021973e-05	0.000574213766832937	69.4444444444444
PGA_scaffold17__51_contigs__length_34923512	27418001	27419000	*	8.44041021865723e-18	6.91268694875011e-15	50.6410256410256
PGA_scaffold17__51_contigs__length_34923512	27759001	27760000	*	2.79843949244412e-08	3.75997902242052e-06	-56.25
PGA_scaffold17__51_contigs__length_34923512	27913001	27914000	*	1.58212939738831e-05	0.000695472338686252	-62.9473684210526
PGA_scaffold17__51_contigs__length_34923512	28089001	28090000	*	3.44783606518859e-06	0.000212036339679569	51.8492176386913
PGA_scaffold17__51_contigs__length_34923512	28725001	28726000	*	9.46114896892067e-10	1.93222176344084e-07	58.9046493301812
PGA_scaffold17__51_contigs__length_34923512	28756001	28757000	*	8.44818611116545e-14	3.84683725075223e-11	53.3614759224515
PGA_scaffold17__51_contigs__length_34923512	29402001	29403000	*	6.45845947531509e-06	0.000345170405916935	71.4285714285714
PGA_scaffold18__69_contigs__length_27737463	2556001	2557000	*	3.46307280006853e-07	3.21852093810035e-05	-50.179211469534
PGA_scaffold18__69_contigs__length_27737463	3423001	3424000	*	6.38945822105282e-08	7.60167139410976e-06	53.4883720930233
PGA_scaffold18__69_contigs__length_27737463	6130001	6131000	*	2.70003111964614e-06	0.000174829336811612	-50.4901960784314
PGA_scaffold18__69_contigs__length_27737463	6609001	6610000	*	7.66822208434396e-10	1.59871229170575e-07	78.6199095022624
PGA_scaffold18__69_contigs__length_27737463	9990001	9991000	*	6.77877444158325e-05	0.00212374491585532	50.6666666666667
PGA_scaffold18__69_contigs__length_27737463	10340001	10341000	*	2.4265271966838e-102	4.15918351417838e-98	-56.75537663555
PGA_scaffold18__69_contigs__length_27737463	10341001	10342000	*	6.05694902955489e-138	2.07637998736399e-133	-60.0958955854243
PGA_scaffold18__69_contigs__length_27737463	15966001	15967000	*	9.15129493158607e-08	1.0344405595627e-05	-56.2152133580705
PGA_scaffold18__69_contigs__length_27737463	16026001	16027000	*	2.10945241678575e-06	0.000143196126609115	-53.1899641577061
PGA_scaffold18__69_contigs__length_27737463	16073001	16074000	*	0.000152499060606006	0.00389802879465384	-53.6842105263158
PGA_scaffold18__69_contigs__length_27737463	20138001	20139000	*	1.40068129108053e-05	0.00063251194727051	54.1666666666667
PGA_scaffold18__69_contigs__length_27737463	27087001	27088000	*	5.07990679546768e-09	8.43021025802287e-07	-63.8085742771685
PGA_scaffold1__77_contigs__length_89643857	2586001	2587000	*	2.99012789572197e-10	6.91929686065611e-08	-50.7273147079196
PGA_scaffold1__77_contigs__length_89643857	2588001	2589000	*	1.28275369097648e-27	2.36783194840158e-24	-54.521244882547
PGA_scaffold1__77_contigs__length_89643857	6125001	6126000	*	8.63791943712097e-09	1.34948757081025e-06	-50.3276539973788
PGA_scaffold1__77_contigs__length_89643857	8199001	8200000	*	1.2937289644334e-14	6.70522361341555e-12	-56.2079898541535
PGA_scaffold1__77_contigs__length_89643857	8697001	8698000	*	6.1500627139763e-05	0.00197274451745427	-58.3333333333333
PGA_scaffold1__77_contigs__length_89643857	9968001	9969000	*	2.65468180753921e-05	0.00103566119012479	-51.8518518518519
PGA_scaffold1__77_contigs__length_89643857	9969001	9970000	*	1.22787824944509e-05	0.000570970062071441	-70.1298701298701
PGA_scaffold1__77_contigs__length_89643857	16214001	16215000	*	1.52725974530814e-05	0.000676778639535863	-75
PGA_scaffold1__77_contigs__length_89643857	17297001	17298000	*	2.81135750533773e-06	0.000180334708943948	-58.3225806451613
PGA_scaffold1__77_contigs__length_89643857	17957001	17958000	*	9.55859248186753e-09	1.47507637877922e-06	52.5
PGA_scaffold1__77_contigs__length_89643857	18024001	18025000	*	9.46592108992786e-05	0.00273313165937964	-63.1410256410256
PGA_scaffold1__77_contigs__length_89643857	18294001	18295000	*	2.07828247504195e-06	0.000141526691207871	-51.6666666666667
PGA_scaffold1__77_contigs__length_89643857	18960001	18961000	*	8.15514115258602e-05	0.00244528577200119	52.9411764705882
PGA_scaffold1__77_contigs__length_89643857	19170001	19171000	*	1.75712387645175e-08	2.51423870885295e-06	60.3448275862069
PGA_scaffold1__77_contigs__length_89643857	20202001	20203000	*	2.07974976995439e-14	1.0419011728849e-11	51.7770034843206
PGA_scaffold1__77_contigs__length_89643857	24074001	24075000	*	1.77422393724626e-08	2.53274622239203e-06	-92.3076923076923
PGA_scaffold1__77_contigs__length_89643857	24183001	24184000	*	4.77231735185413e-47	2.33713710940894e-43	53.4866739686017
PGA_scaffold1__77_contigs__length_89643857	26061001	26062000	*	1.07975236364516e-11	3.47325197510137e-09	51.3947714327443
PGA_scaffold1__77_contigs__length_89643857	26201001	26202000	*	0.000377281020381298	0.00749957558642624	67.948717948718
PGA_scaffold1__77_contigs__length_89643857	28555001	28556000	*	5.75676284488581e-08	6.94884963267607e-06	-56.25
PGA_scaffold1__77_contigs__length_89643857	31757001	31758000	*	1.86195536919614e-05	0.000789859845823038	-52.9411764705882
PGA_scaffold1__77_contigs__length_89643857	34598001	34599000	*	7.460028356654e-11	1.99794451863026e-08	58.6976744186046
PGA_scaffold1__77_contigs__length_89643857	34612001	34613000	*	1.7643646609392e-08	2.52167207929585e-06	-63.6363636363636
PGA_scaffold1__77_contigs__length_89643857	34737001	34738000	*	0.000215362388786136	0.00501816147135471	52.6315789473684
PGA_scaffold1__77_contigs__length_89643857	35562001	35563000	*	2.32087846556641e-05	0.000933668928762537	-53.3333333333333
PGA_scaffold1__77_contigs__length_89643857	36380001	36381000	*	3.01885270808755e-08	4.00677036783369e-06	-55.5609284332689
PGA_scaffold1__77_contigs__length_89643857	37012001	37013000	*	9.83405114656955e-05	0.00280918599406899	-58.0882352941176
PGA_scaffold1__77_contigs__length_89643857	38300001	38301000	*	2.45693375923928e-06	0.000161440923893887	-51.984126984127
PGA_scaffold1__77_contigs__length_89643857	39711001	39712000	*	6.41788957962267e-07	5.37925148135215e-05	53.6565977742448
PGA_scaffold1__77_contigs__length_89643857	42002001	42003000	*	1.66009890747446e-06	0.000117860483639341	-55.4446460980036
PGA_scaffold1__77_contigs__length_89643857	44178001	44179000	*	1.33774181969485e-05	0.000609828024995936	-62.5
PGA_scaffold1__77_contigs__length_89643857	44642001	44643000	*	8.95662156418517e-05	0.00262621065773967	-53.11004784689
PGA_scaffold1__77_contigs__length_89643857	48454001	48455000	*	2.07116620106638e-05	0.000854411021530521	51.4814814814815
PGA_scaffold1__77_contigs__length_89643857	49670001	49671000	*	1.3141498880801e-05	0.000602161914629438	67.4358974358974
PGA_scaffold1__77_contigs__length_89643857	50270001	50271000	*	1.20807369546814e-08	1.80508992649253e-06	55.7692307692308
PGA_scaffold1__77_contigs__length_89643857	50290001	50291000	*	1.27631832230645e-08	1.89233236952245e-06	57.423887587822
PGA_scaffold1__77_contigs__length_89643857	51950001	51951000	*	1.03780511119783e-06	8.01282671008792e-05	-82.2134387351779
PGA_scaffold1__77_contigs__length_89643857	52599001	52600000	*	0.000317739840169074	0.00664577501364585	53.1372549019608
PGA_scaffold1__77_contigs__length_89643857	53685001	53686000	*	8.00681816976019e-09	1.26572439298903e-06	-53.2865168539326
PGA_scaffold1__77_contigs__length_89643857	56237001	56238000	*	2.8506101530004e-05	0.00109255945371306	-53.921568627451
PGA_scaffold1__77_contigs__length_89643857	58014001	58015000	*	8.95645251208835e-08	1.01646020166458e-05	67.6470588235294
PGA_scaffold1__77_contigs__length_89643857	59390001	59391000	*	9.58813655546426e-09	1.47773497910038e-06	-60
PGA_scaffold1__77_contigs__length_89643857	61047001	61048000	*	2.31106469917548e-14	1.1434609051553e-11	52.0320855614973
PGA_scaffold1__77_contigs__length_89643857	62084001	62085000	*	0.000232214475574987	0.00529290827761011	-54.7619047619048
PGA_scaffold1__77_contigs__length_89643857	67607001	67608000	*	6.02662092812452e-05	0.0019430179459029	56.25
PGA_scaffold1__77_contigs__length_89643857	68094001	68095000	*	4.19424221943911e-09	7.11795197541422e-07	51.3251783893986
PGA_scaffold1__77_contigs__length_89643857	68168001	68169000	*	6.99976413231303e-05	0.00217828611870414	-55.6818181818182
PGA_scaffold1__77_contigs__length_89643857	68228001	68229000	*	8.75365790709347e-07	6.93642591964917e-05	-50.093808630394
PGA_scaffold1__77_contigs__length_89643857	68231001	68232000	*	1.52769215933831e-09	2.93041747427406e-07	-59.3220338983051
PGA_scaffold1__77_contigs__length_89643857	69719001	69720000	*	0.000185000203494023	0.00448695026303754	55.7142857142857
PGA_scaffold1__77_contigs__length_89643857	70497001	70498000	*	4.34656487040959e-08	5.50121714774267e-06	57.1428571428571
PGA_scaffold1__77_contigs__length_89643857	70650001	70651000	*	2.56804325330867e-07	2.51338735645304e-05	61.1111111111111
PGA_scaffold1__77_contigs__length_89643857	70832001	70833000	*	1.47548053691765e-06	0.000107618898475185	-61.3636363636364
PGA_scaffold1__77_contigs__length_89643857	71085001	71086000	*	5.64906131800813e-06	0.000311057028086385	69.2307692307692
PGA_scaffold1__77_contigs__length_89643857	71334001	71335000	*	2.10526722498835e-05	0.000865193486504866	-53.1746031746032
PGA_scaffold1__77_contigs__length_89643857	74343001	74344000	*	8.1425988301364e-07	6.55248981813774e-05	-59.3939393939394
PGA_scaffold1__77_contigs__length_89643857	75823001	75824000	*	1.06726714766196e-05	0.000511398884641044	64.2045454545455
PGA_scaffold1__77_contigs__length_89643857	76969001	76970000	*	1.59002940632006e-06	0.000113794837058875	-61.5384615384615
PGA_scaffold1__77_contigs__length_89643857	80396001	80397000	*	0.000130788944202712	0.00347374800597307	-56.25
PGA_scaffold1__77_contigs__length_89643857	85681001	85682000	*	2.77596305030346e-05	0.00107113467768325	53.6157024793388
PGA_scaffold1__77_contigs__length_89643857	85866001	85867000	*	1.54678532081536e-12	5.68417991934426e-10	-51.5151515151515
PGA_scaffold1__77_contigs__length_89643857	89109001	89110000	*	2.36463840161416e-129	6.30482714308685e-125	56.7418369743951
PGA_scaffold1__77_contigs__length_89643857	89110001	89111000	*	2.6309987665265e-76	2.74500894416941e-72	50.3751214771623
PGA_scaffold2__36_contigs__length_69596280	140001	141000	*	2.32677836622578e-07	2.30247132214819e-05	60.2150537634408
PGA_scaffold2__36_contigs__length_69596280	261001	262000	*	4.55354518955543e-07	4.04703389868319e-05	-64.0191387559809
PGA_scaffold2__36_contigs__length_69596280	972001	973000	*	1.83010276536607e-05	0.000779488280500742	66.8852459016393
PGA_scaffold2__36_contigs__length_69596280	3095001	3096000	*	0.000115298769239448	0.00315879251677448	-59
PGA_scaffold2__36_contigs__length_69596280	4875001	4876000	*	5.73110943279318e-10	1.24010400601376e-07	70.3525641025641
PGA_scaffold2__36_contigs__length_69596280	9109001	9110000	*	6.21419773381444e-05	0.00199012470536548	53.3244680851064
PGA_scaffold2__36_contigs__length_69596280	23018001	23019000	*	5.85297308836747e-05	0.00190137265726522	63.2183908045977
PGA_scaffold2__36_contigs__length_69596280	24274001	24275000	*	3.41924188260772e-05	0.00125747761865444	-50.5
PGA_scaffold2__36_contigs__length_69596280	25340001	25341000	*	5.8794613423877e-07	5.00310233654361e-05	55.2521008403361
PGA_scaffold2__36_contigs__length_69596280	32380001	32381000	*	1.82404295332027e-18	1.59748008837386e-15	-79.2452830188679
PGA_scaffold2__36_contigs__length_69596280	34740001	34741000	*	5.66473245755926e-05	0.00185298129748911	71.2918660287081
PGA_scaffold2__36_contigs__length_69596280	35449001	35450000	*	3.12419774341431e-07	2.97265416974528e-05	57.1294559099437
PGA_scaffold2__36_contigs__length_69596280	36726001	36727000	*	1.03036616991254e-06	7.95795159496267e-05	56.6666666666667
PGA_scaffold2__36_contigs__length_69596280	38171001	38172000	*	2.94436401166449e-12	1.039043054139e-09	-68.2149362477231
PGA_scaffold2__36_contigs__length_69596280	39064001	39065000	*	6.94043250269939e-09	1.11328381892281e-06	74.2857142857143
PGA_scaffold2__36_contigs__length_69596280	40738001	40739000	*	9.34741749661146e-05	0.00271131247121993	53.3670033670034
PGA_scaffold2__36_contigs__length_69596280	41396001	41397000	*	2.05155118075628e-09	3.79278844212347e-07	-51.8102372034956
PGA_scaffold2__36_contigs__length_69596280	44891001	44892000	*	9.9288301251173e-06	0.000484069173020399	63.6363636363636
PGA_scaffold2__36_contigs__length_69596280	44895001	44896000	*	4.3517993391833e-05	0.0015124522283808	-51.3157894736842
PGA_scaffold2__36_contigs__length_69596280	45034001	45035000	*	0.000425942733117076	0.00819992510725214	53.2818532818533
PGA_scaffold2__36_contigs__length_69596280	45042001	45043000	*	0.000312393786581815	0.00656141358318019	55.3030303030303
PGA_scaffold2__36_contigs__length_69596280	45340001	45341000	*	1.64430951752367e-50	8.96771607060919e-47	64.3878245648157
PGA_scaffold2__36_contigs__length_69596280	51162001	51163000	*	2.26889269955627e-11	6.88316895035484e-09	53.2493368700265
PGA_scaffold2__36_contigs__length_69596280	52451001	52452000	*	7.84343016886099e-06	0.000403557500009042	58.7586206896552
PGA_scaffold2__36_contigs__length_69596280	52904001	52905000	*	3.93381837204178e-20	4.14028667316682e-17	53.5453216374269
PGA_scaffold2__36_contigs__length_69596280	55548001	55549000	*	8.00994964579261e-06	0.000409659223888717	-64.7058823529412
PGA_scaffold2__36_contigs__length_69596280	58115001	58116000	*	9.18517807479147e-06	0.000456435145327966	68.75
PGA_scaffold2__36_contigs__length_69596280	58141001	58142000	*	5.52274299751951e-05	0.00181544430074246	55.2380952380952
PGA_scaffold2__36_contigs__length_69596280	59082001	59083000	*	9.08594455575476e-22	1.11811487800874e-18	51.8204551137784
PGA_scaffold2__36_contigs__length_69596280	59226001	59227000	*	4.05950633485667e-06	0.000241065648477605	53.551912568306
PGA_scaffold2__36_contigs__length_69596280	59611001	59612000	*	7.8589114090139e-05	0.00237665650058675	52.6315789473684
PGA_scaffold2__36_contigs__length_69596280	61025001	61026000	*	5.84981699596071e-07	4.98317786052121e-05	62.5
PGA_scaffold2__36_contigs__length_69596280	61026001	61027000	*	1.52899165403159e-07	1.60642321133027e-05	-63.4803921568627
PGA_scaffold2__36_contigs__length_69596280	61948001	61949000	*	9.14671575027817e-15	4.8775712762753e-12	-80.5424528301887
PGA_scaffold2__36_contigs__length_69596280	62841001	62842000	*	1.05882975732689e-05	0.000508371086081853	54.4534412955466
PGA_scaffold2__36_contigs__length_69596280	67733001	67734000	*	3.38148325014199e-08	4.41962599258459e-06	-65.9090909090909
PGA_scaffold2__36_contigs__length_69596280	67972001	67973000	*	3.05398163001605e-05	0.00115156168056691	57.5757575757576
PGA_scaffold2__36_contigs__length_69596280	68599001	68600000	*	4.5432641002231e-05	0.00156345036908654	-53.8461538461538
PGA_scaffold3__111_contigs__length_57743597	205001	206000	*	0.000142651452590137	0.00370552029173638	51.983584131327
PGA_scaffold3__111_contigs__length_57743597	2796001	2797000	*	2.65400034274873e-22	3.42404123224609e-19	-57.7625570776256
PGA_scaffold3__111_contigs__length_57743597	5874001	5875000	*	2.00494517343128e-13	8.54564921175256e-11	-57.3504273504273
PGA_scaffold3__111_contigs__length_57743597	7119001	7120000	*	1.07475591316404e-05	0.000514473599989038	53.0222693531283
PGA_scaffold3__111_contigs__length_57743597	7275001	7276000	*	0.000114621916817956	0.00314398434785513	50.8152173913043
PGA_scaffold3__111_contigs__length_57743597	13133001	13134000	*	3.29942653495782e-10	7.54049956343294e-08	-73.8927738927739
PGA_scaffold3__111_contigs__length_57743597	17235001	17236000	*	2.69645467669688e-12	9.57188306299593e-10	-71.5277777777778
PGA_scaffold3__111_contigs__length_57743597	17616001	17617000	*	0.000392152895543301	0.00771847367859974	-54.1935483870968
PGA_scaffold3__111_contigs__length_57743597	17627001	17628000	*	2.15325734118948e-07	2.16287162051451e-05	-61.2903225806452
PGA_scaffold3__111_contigs__length_57743597	19326001	19327000	*	0.000205240568115661	0.00483420682585024	57.8947368421053
PGA_scaffold3__111_contigs__length_57743597	23050001	23051000	*	6.57719225842884e-05	0.00207624785675475	-55.1724137931034
PGA_scaffold3__111_contigs__length_57743597	23991001	23992000	*	0.000187934802733084	0.00454114308319187	53.3333333333333
PGA_scaffold3__111_contigs__length_57743597	26109001	26110000	*	1.35200574244798e-07	1.44258042971401e-05	51.6666666666667
PGA_scaffold3__111_contigs__length_57743597	29450001	29451000	*	1.12592686272798e-14	5.91214308326671e-12	-66.3925729442971
PGA_scaffold3__111_contigs__length_57743597	30387001	30388000	*	2.06294412612831e-08	2.89157632676536e-06	75.609756097561
PGA_scaffold3__111_contigs__length_57743597	32322001	32323000	*	1.77051603115575e-09	3.33922228064236e-07	50.6122448979592
PGA_scaffold3__111_contigs__length_57743597	34871001	34872000	*	0.000198719848898749	0.00472701662919101	52.9411764705882
PGA_scaffold3__111_contigs__length_57743597	37936001	37937000	*	0.000101080665860826	0.00286409168651591	-51.6666666666667
PGA_scaffold3__111_contigs__length_57743597	42746001	42747000	*	1.07799492553941e-12	4.08174867011414e-10	-53.448275862069
PGA_scaffold3__111_contigs__length_57743597	49256001	49257000	*	0.000474486720441654	0.00886353777577242	-53.5714285714286
PGA_scaffold3__111_contigs__length_57743597	49263001	49264000	*	4.1720161370248e-07	3.76716770183355e-05	57.9478553406224
PGA_scaffold3__111_contigs__length_57743597	52355001	52356000	*	0.000273152410336855	0.00595669564873965	53.6713286713287
PGA_scaffold3__111_contigs__length_57743597	52369001	52370000	*	0.000366492094799325	0.00735395047684242	51.3888888888889
PGA_scaffold3__111_contigs__length_57743597	55847001	55848000	*	0.000561009116719335	0.00996251750479295	-50.8771929824561
PGA_scaffold4__129_contigs__length_65288255	1608001	1609000	*	2.4441601342641e-09	4.43323514433772e-07	72.0043572984749
PGA_scaffold4__129_contigs__length_65288255	4221001	4222000	*	5.83143124043461e-05	0.00189639413805346	-53.1851851851852
PGA_scaffold4__129_contigs__length_65288255	8619001	8620000	*	5.80184648141846e-11	1.60028721593878e-08	-55.7377049180328
PGA_scaffold4__129_contigs__length_65288255	9396001	9397000	*	2.27951956067052e-11	6.89796666615976e-09	70
PGA_scaffold4__129_contigs__length_65288255	12562001	12563000	*	1.71498729553598e-68	1.46978506904164e-64	-55.3627760252366
PGA_scaffold4__129_contigs__length_65288255	13053001	13054000	*	2.51853062331851e-16	1.67878735959742e-13	-56.5953654188948
PGA_scaffold4__129_contigs__length_65288255	13169001	13170000	*	1.98818233751177e-67	1.64516389111566e-63	62.0821974635534
PGA_scaffold4__129_contigs__length_65288255	13172001	13173000	*	3.42253151094399e-35	9.77730413553462e-32	62.0269208344952
PGA_scaffold4__129_contigs__length_65288255	15829001	15830000	*	4.04916457046954e-13	1.65530597369956e-10	55.256064690027
PGA_scaffold4__129_contigs__length_65288255	16982001	16983000	*	7.79471930134889e-13	3.06133054961718e-10	51.5360501567398
PGA_scaffold4__129_contigs__length_65288255	17091001	17092000	*	6.04131104696269e-06	0.000327841111778117	-52.6160648489315
PGA_scaffold4__129_contigs__length_65288255	20925001	20926000	*	1.28007078111776e-14	6.64879533121733e-12	-60.4643104643105
PGA_scaffold4__129_contigs__length_65288255	22100001	22101000	*	4.63299224762783e-29	9.11281803238983e-26	53.4798534798535
PGA_scaffold4__129_contigs__length_65288255	24061001	24062000	*	5.10460327086526e-13	2.06217968802794e-10	87.8048780487805
PGA_scaffold4__129_contigs__length_65288255	25770001	25771000	*	3.73800352522634e-09	6.45785688590379e-07	65.4761904761905
PGA_scaffold4__129_contigs__length_65288255	25945001	25946000	*	6.77711982061007e-05	0.00212363931818217	50.4310344827586
PGA_scaffold4__129_contigs__length_65288255	28518001	28519000	*	5.29641174212534e-25	8.36159459243571e-22	51.4456573862514
PGA_scaffold4__129_contigs__length_65288255	29584001	29585000	*	5.45178703609359e-08	6.64759792970038e-06	51.3631937682571
PGA_scaffold4__129_contigs__length_65288255	29856001	29857000	*	0.00030238779108823	0.00640450100414678	51.9565217391304
PGA_scaffold4__129_contigs__length_65288255	31795001	31796000	*	2.5459546270258e-06	0.000166377228052197	-55.7142857142857
PGA_scaffold4__129_contigs__length_65288255	32482001	32483000	*	7.22826510730846e-05	0.00223121022589316	59.8499061913696
PGA_scaffold4__129_contigs__length_65288255	32698001	32699000	*	1.66280475045481e-06	0.000118017671362364	-51.6746411483254
PGA_scaffold4__129_contigs__length_65288255	35088001	35089000	*	3.79063006869324e-05	0.0013623258030989	59.8039215686275
PGA_scaffold4__129_contigs__length_65288255	35706001	35707000	*	1.5917567573021e-06	0.000113884494737815	73.9495798319328
PGA_scaffold4__129_contigs__length_65288255	39080001	39081000	*	1.13183811002523e-07	1.24303634478018e-05	-61.0021786492375
PGA_scaffold4__129_contigs__length_65288255	40308001	40309000	*	1.13004590434739e-48	5.89507329729939e-45	51.0957837356769
PGA_scaffold4__129_contigs__length_65288255	41384001	41385000	*	3.11703650079287e-05	0.00116898061507107	60.8262108262108
PGA_scaffold4__129_contigs__length_65288255	42674001	42675000	*	3.38336021153607e-05	0.00124676557193742	54.004329004329
PGA_scaffold4__129_contigs__length_65288255	43009001	43010000	*	1.43840193987663e-11	4.54767520286808e-09	-59.7883597883598
PGA_scaffold4__129_contigs__length_65288255	43800001	43801000	*	0.000305180989802717	0.00644942941596341	52.3391812865497
PGA_scaffold4__129_contigs__length_65288255	45252001	45253000	*	4.30888401189163e-07	3.86393355917448e-05	53.3333333333333
PGA_scaffold4__129_contigs__length_65288255	51217001	51218000	*	9.48424308265506e-07	7.41510758546468e-05	-52.5
PGA_scaffold4__129_contigs__length_65288255	52488001	52489000	*	1.41928645032934e-05	0.000639109527497	50.030959752322
PGA_scaffold4__129_contigs__length_65288255	52633001	52634000	*	2.12593116611982e-14	1.06281803842637e-11	-52.7985451606385
PGA_scaffold4__129_contigs__length_65288255	54385001	54386000	*	2.95154177751032e-08	3.93047559103032e-06	-50.7272727272727
PGA_scaffold4__129_contigs__length_65288255	55962001	55963000	*	0.000208179581396961	0.00488602071643551	-58.128078817734
PGA_scaffold4__129_contigs__length_65288255	56321001	56322000	*	1.70948616055338e-06	0.000120759414246649	-61.9260918253079
PGA_scaffold4__129_contigs__length_65288255	59705001	59706000	*	0.00013792962520185	0.00361692877070568	50.2799552071669
PGA_scaffold4__129_contigs__length_65288255	59782001	59783000	*	3.46712706873308e-06	0.000212885256331685	52.9146141215107
PGA_scaffold4__129_contigs__length_65288255	60493001	60494000	*	5.91340603756152e-05	0.00191565477759622	61.6666666666667
PGA_scaffold4__129_contigs__length_65288255	60989001	60990000	*	0.000310326257399547	0.00653042044988966	-51.8518518518518
PGA_scaffold4__129_contigs__length_65288255	65055001	65056000	*	5.88469673238034e-05	0.00190854328706081	57.9710144927536
PGA_scaffold5__109_contigs__length_67248332	1885001	1886000	*	0.000244506761165334	0.00549531491934425	55.4298642533937
PGA_scaffold5__109_contigs__length_67248332	12043001	12044000	*	0.000495904129398121	0.00914262991212105	52.8985507246377
PGA_scaffold5__109_contigs__length_67248332	13818001	13819000	*	3.84658265273855e-06	0.000230647599936091	51.4705882352941
PGA_scaffold5__109_contigs__length_67248332	15690001	15691000	*	0.000449559423845134	0.00852665866983188	59.6638655462185
PGA_scaffold5__109_contigs__length_67248332	16067001	16068000	*	1.96408787818729e-05	0.000821280572483113	-65.0793650793651
PGA_scaffold5__109_contigs__length_67248332	20028001	20029000	*	2.50376346299992e-17	1.91343892649351e-14	51.0037448584935
PGA_scaffold5__109_contigs__length_67248332	21045001	21046000	*	2.9758012731915e-05	0.00112757488126857	-57.1428571428571
PGA_scaffold5__109_contigs__length_67248332	23998001	23999000	*	1.00899746502489e-06	7.82060008853125e-05	59.3088071348941
PGA_scaffold5__109_contigs__length_67248332	26742001	26743000	*	3.51828222890383e-10	7.97987268373375e-08	-74.1935483870968
PGA_scaffold5__109_contigs__length_67248332	27962001	27963000	*	1.05807251498097e-08	1.60697567016964e-06	59.2292089249493
PGA_scaffold5__109_contigs__length_67248332	29542001	29543000	*	9.75636591140764e-07	7.58898801827905e-05	54.6822742474916
PGA_scaffold5__109_contigs__length_67248332	29799001	29800000	*	0.00016704128768349	0.00416708340065296	55.6149732620321
PGA_scaffold5__109_contigs__length_67248332	32232001	32233000	*	3.7898759590097e-06	0.000227930821435299	56.4102564102564
PGA_scaffold5__109_contigs__length_67248332	38528001	38529000	*	0.000302244195357867	0.00640368318010844	50.5555555555556
PGA_scaffold5__109_contigs__length_67248332	38763001	38764000	*	2.05480040560741e-06	0.000140277916861752	53.03392259914
PGA_scaffold5__109_contigs__length_67248332	44669001	44670000	*	1.94374748593641e-06	0.00013449672557944	61.3333333333333
PGA_scaffold5__109_contigs__length_67248332	45937001	45938000	*	4.19620166549613e-08	5.33341425371807e-06	-54.6938775510204
PGA_scaffold5__109_contigs__length_67248332	46036001	46037000	*	1.43535434617898e-06	0.000105235938568634	64.5021645021645
PGA_scaffold5__109_contigs__length_67248332	48192001	48193000	*	1.41832634962023e-08	2.07657763890742e-06	-59.7701149425287
PGA_scaffold5__109_contigs__length_67248332	49516001	49517000	*	3.44783606518861e-06	0.000212036339679569	51.8492176386913
PGA_scaffold5__109_contigs__length_67248332	52784001	52785000	*	1.62097314206038e-23	2.32921888864284e-20	70.5582922824302
PGA_scaffold5__109_contigs__length_67248332	57330001	57331000	*	4.8243652083741e-21	5.56580257354853e-18	64.2335766423358
PGA_scaffold5__109_contigs__length_67248332	57451001	57452000	*	0.000131175704723821	0.00348070868671788	-54.9808429118774
PGA_scaffold5__109_contigs__length_67248332	58410001	58411000	*	0.000118467932298275	0.00322536387721817	-53.030303030303
PGA_scaffold5__109_contigs__length_67248332	60164001	60165000	*	3.97975578184447e-09	6.80205704783274e-07	84.375
PGA_scaffold5__109_contigs__length_67248332	63289001	63290000	*	3.61177189629527e-07	3.33476312304505e-05	66.6666666666667
PGA_scaffold5__109_contigs__length_67248332	66662001	66663000	*	4.53463699260612e-05	0.00156098381188908	-66.6666666666667
PGA_scaffold6__104_contigs__length_61759565	1706001	1707000	*	3.65707356573883e-07	3.36493798775077e-05	52.9411764705882
PGA_scaffold6__104_contigs__length_61759565	1793001	1794000	*	2.33986402629673e-19	2.30118613981005e-16	-81.0634328358209
PGA_scaffold6__104_contigs__length_61759565	2557001	2558000	*	4.15963157492391e-07	3.75959701555129e-05	-66.9565217391304
PGA_scaffold6__104_contigs__length_61759565	2683001	2684000	*	2.25500710815443e-09	4.13389293055122e-07	-67.8571428571429
PGA_scaffold6__104_contigs__length_61759565	5217001	5218000	*	0.000307302728540252	0.00648047120645384	-51.3071895424837
PGA_scaffold6__104_contigs__length_61759565	5499001	5500000	*	4.0578487517876e-31	8.9334726677129e-28	-50.3776729671265
PGA_scaffold6__104_contigs__length_61759565	6385001	6386000	*	8.57405553465246e-06	0.000432427007078326	59.3703148425787
PGA_scaffold6__104_contigs__length_61759565	9376001	9377000	*	0.000156424062162743	0.0039674058134889	55.6390977443609
PGA_scaffold6__104_contigs__length_61759565	9496001	9497000	*	0.000202392588788157	0.00478544477074298	-62.5
PGA_scaffold6__104_contigs__length_61759565	10337001	10338000	*	2.64901064929817e-10	6.18962326184956e-08	-51.8478260869565
PGA_scaffold6__104_contigs__length_61759565	10800001	10801000	*	5.17149716359412e-10	1.13022499134653e-07	70.1754385964912
PGA_scaffold6__104_contigs__length_61759565	11442001	11443000	*	0.000155528356887708	0.00395398077301345	-52.8138528138528
PGA_scaffold6__104_contigs__length_61759565	14874001	14875000	*	0.000142901956454016	0.00370921676985652	62.6436781609195
PGA_scaffold6__104_contigs__length_61759565	22057001	22058000	*	7.0264754011327e-07	5.81361168491929e-05	-55.982905982906
PGA_scaffold6__104_contigs__length_61759565	22630001	22631000	*	9.42343864905919e-07	7.37544472121678e-05	-53.0589543937709
PGA_scaffold6__104_contigs__length_61759565	23277001	23278000	*	2.1582052844967e-05	0.000880628076352941	54.7619047619048
PGA_scaffold6__104_contigs__length_61759565	25003001	25004000	*	1.65680994476778e-07	1.72186744572116e-05	55.0810810810811
PGA_scaffold6__104_contigs__length_61759565	25165001	25166000	*	2.78620614295988e-06	0.000179200390527811	54.8717948717949
PGA_scaffold6__104_contigs__length_61759565	25493001	25494000	*	2.50424730462796e-12	8.94249894034838e-10	60.2272727272727
PGA_scaffold6__104_contigs__length_61759565	25596001	25597000	*	1.85687763831621e-05	0.000788373628427624	58.9565217391304
PGA_scaffold6__104_contigs__length_61759565	27133001	27134000	*	1.71074591657349e-15	1.01866508604038e-12	-62.3188405797101
PGA_scaffold6__104_contigs__length_61759565	27498001	27499000	*	6.49418530406745e-06	0.000346616577252753	61.6438356164384
PGA_scaffold6__104_contigs__length_61759565	36353001	36354000	*	1.28415219046839e-05	0.000591741036785289	-54.0616246498599
PGA_scaffold6__104_contigs__length_61759565	38692001	38693000	*	0.000261454959303923	0.00576393939821311	-54.2857142857143
PGA_scaffold6__104_contigs__length_61759565	39970001	39971000	*	8.89830987855873e-05	0.00261390370949766	-51.219512195122
PGA_scaffold6__104_contigs__length_61759565	43399001	43400000	*	2.09027951460935e-06	0.000142176147888405	53.7037037037037
PGA_scaffold6__104_contigs__length_61759565	44273001	44274000	*	2.15342186862282e-06	0.000145440335278354	-76.9230769230769
PGA_scaffold6__104_contigs__length_61759565	44276001	44277000	*	3.09377129333566e-08	4.09714154079034e-06	-51.8954248366013
PGA_scaffold6__104_contigs__length_61759565	47377001	47378000	*	2.00555167470387e-81	2.40632795361316e-77	-72.0013401831584
PGA_scaffold6__104_contigs__length_61759565	47550001	47551000	*	1.73513701748604e-25	2.8518841188311e-22	-53.6530612244898
PGA_scaffold6__104_contigs__length_61759565	49241001	49242000	*	8.40032747582441e-07	6.70145862029781e-05	58.4119496855346
PGA_scaffold6__104_contigs__length_61759565	52001001	52002000	*	2.18040194846076e-27	3.99407505048975e-24	67.8218154902093
PGA_scaffold6__104_contigs__length_61759565	53014001	53015000	*	1.65273485411338e-05	0.000720831165419827	-51.5810276679842
PGA_scaffold6__104_contigs__length_61759565	54083001	54084000	*	2.77267561500535e-06	0.000178617390897834	65.6862745098039
PGA_scaffold6__104_contigs__length_61759565	54464001	54465000	*	3.74025556618237e-08	4.83326190769492e-06	-66.1538461538461
PGA_scaffold6__104_contigs__length_61759565	55650001	55651000	*	7.27917076192713e-06	0.000379895278575699	51.2820512820513
PGA_scaffold6__104_contigs__length_61759565	56135001	56136000	*	4.94848726552287e-06	0.000281258193775322	63.8248847926267
PGA_scaffold6__104_contigs__length_61759565	57863001	57864000	*	1.15769237353175e-05	0.000545852530532112	61.6666666666667
PGA_scaffold7__69_contigs__length_43120122	404001	405000	*	1.90817644409107e-05	0.000804036486829509	-52.5
PGA_scaffold7__69_contigs__length_43120122	1026001	1027000	*	2.75463269550887e-09	4.92930709531263e-07	-59.2517006802721
PGA_scaffold7__69_contigs__length_43120122	3650001	3651000	*	2.92070800235516e-14	1.41877049116605e-11	63.0758807588076
PGA_scaffold7__69_contigs__length_43120122	4056001	4057000	*	1.47041168110491e-05	0.000657076013869202	-55.8823529411765
PGA_scaffold7__69_contigs__length_43120122	5207001	5208000	*	2.54393361767431e-06	0.000166292378601792	57.6648841354724
PGA_scaffold7__69_contigs__length_43120122	5466001	5467000	*	1.6526769813954e-05	0.000720831165419827	64.2857142857143
PGA_scaffold7__69_contigs__length_43120122	6077001	6078000	*	1.63250811460708e-10	4.02204890706886e-08	50.3299492385787
PGA_scaffold7__69_contigs__length_43120122	8826001	8827000	*	1.49185671741489e-05	0.000664678636763545	50.7276507276507
PGA_scaffold7__69_contigs__length_43120122	10295001	10296000	*	0.000401223424526796	0.00784424440914158	-53.8888888888889
PGA_scaffold7__69_contigs__length_43120122	10320001	10321000	*	7.2933197039841e-11	1.96205579107531e-08	61.4439324116743
PGA_scaffold7__69_contigs__length_43120122	11301001	11302000	*	2.08775948830508e-16	1.41523369318428e-13	53.9325842696629
PGA_scaffold7__69_contigs__length_43120122	11455001	11456000	*	5.33416626790571e-05	0.00176749821391334	-50.5681818181818
PGA_scaffold7__69_contigs__length_43120122	11543001	11544000	*	1.13303064392421e-07	1.24377680577853e-05	70.3921568627451
PGA_scaffold7__69_contigs__length_43120122	11750001	11751000	*	6.37523726315075e-11	1.74043750175208e-08	-57.1428571428571
PGA_scaffold7__69_contigs__length_43120122	13109001	13110000	*	1.20052621405806e-05	0.000560588243017165	-56.4102564102564
PGA_scaffold7__69_contigs__length_43120122	14539001	14540000	*	1.23711650682909e-06	9.29451313131934e-05	-50.8305647840531
PGA_scaffold7__69_contigs__length_43120122	19867001	19868000	*	1.51946433067336e-15	9.18440355785472e-13	69.1919191919192
PGA_scaffold7__69_contigs__length_43120122	21035001	21036000	*	9.80967351967694e-23	1.31508092389964e-19	-67.8021978021978
PGA_scaffold7__69_contigs__length_43120122	21794001	21795000	*	1.31651446391208e-29	2.72344494930764e-26	-68.4840074015332
PGA_scaffold7__69_contigs__length_43120122	21804001	21805000	*	1.95145499457532e-13	8.3473117579606e-11	-62.5714285714286
PGA_scaffold7__69_contigs__length_43120122	21908001	21909000	*	1.29673567740795e-09	2.55688877774863e-07	-71.5393133997785
PGA_scaffold7__69_contigs__length_43120122	22069001	22070000	*	1.54407568960484e-14	7.8668095012517e-12	-54.2372881355932
PGA_scaffold7__69_contigs__length_43120122	22598001	22599000	*	2.41924189254567e-54	1.45134365422029e-50	-58.7500712778696
PGA_scaffold7__69_contigs__length_43120122	23855001	23856000	*	2.65212989988905e-10	6.19088351383031e-08	-58.1625683060109
PGA_scaffold7__69_contigs__length_43120122	25787001	25788000	*	1.17671311721352e-06	8.92170452235871e-05	-76.4705882352941
PGA_scaffold7__69_contigs__length_43120122	25791001	25792000	*	0.000466427223214576	0.00875581314257063	-50.4201680672269
PGA_scaffold7__69_contigs__length_43120122	25814001	25815000	*	7.80898858247461e-63	6.24632372643945e-59	-58.589314801785
PGA_scaffold7__69_contigs__length_43120122	29376001	29377000	*	1.12435554457536e-07	1.23594995370677e-05	51.4751552795031
PGA_scaffold7__69_contigs__length_43120122	31069001	31070000	*	2.06435419202028e-05	0.0008523335099494	57.2463768115942
PGA_scaffold7__69_contigs__length_43120122	32995001	32996000	*	6.29355981880401e-11	1.72402362822864e-08	66.7114695340502
PGA_scaffold7__69_contigs__length_43120122	37222001	37223000	*	2.32345406536511e-08	3.19330798486396e-06	-61.6666666666667
PGA_scaffold7__69_contigs__length_43120122	37616001	37617000	*	4.20979870354214e-33	1.05230359090948e-29	56.5297182098034
PGA_scaffold7__69_contigs__length_43120122	38122001	38123000	*	1.30392786410022e-09	2.56816606886812e-07	-55.7843137254902
PGA_scaffold7__69_contigs__length_43120122	38285001	38286000	*	5.34781409526644e-51	2.98441216379244e-47	62.8125
PGA_scaffold7__69_contigs__length_43120122	38286001	38287000	*	8.48578059790972e-158	4.07260931114996e-153	56.5849984283164
PGA_scaffold7__69_contigs__length_43120122	39520001	39521000	*	8.00762800743721e-05	0.00241214741826472	-52.1739130434783
PGA_scaffold7__69_contigs__length_43120122	42380001	42381000	*	7.92396344011606e-137	2.37685906699156e-132	-65.2505362966604
PGA_scaffold8__63_contigs__length_61151155	2087001	2088000	*	1.26832805450634e-06	9.4844649767059e-05	-57.010582010582
PGA_scaffold8__63_contigs__length_61151155	3289001	3290000	*	5.28975939797949e-05	0.00175549674216091	-60
PGA_scaffold8__63_contigs__length_61151155	4007001	4008000	*	5.58256910410321e-06	0.000308173593772059	-53.1034482758621
PGA_scaffold8__63_contigs__length_61151155	17244001	17245000	*	1.37045266489422e-09	2.67803734124615e-07	-61.9047619047619
PGA_scaffold8__63_contigs__length_61151155	19259001	19260000	*	4.62681547715725e-05	0.00158430590868463	60.2564102564103
PGA_scaffold8__63_contigs__length_61151155	23080001	23081000	*	7.17477881470229e-05	0.00221729202771668	-61.25
PGA_scaffold8__63_contigs__length_61151155	23978001	23979000	*	2.56438889153443e-16	1.70462023862709e-13	59.5238095238095
PGA_scaffold8__63_contigs__length_61151155	23982001	23983000	*	3.12594498144468e-17	2.32957347991018e-14	67.622105021784
PGA_scaffold8__63_contigs__length_61151155	23986001	23987000	*	3.76541767366092e-10	8.47631148053667e-08	77.5438596491228
PGA_scaffold8__63_contigs__length_61151155	23987001	23988000	*	4.64952621012501e-09	7.81324509910938e-07	53.1451612903226
PGA_scaffold8__63_contigs__length_61151155	25891001	25892000	*	3.17071630156697e-42	1.26811047647927e-38	66.5841720288181
PGA_scaffold8__63_contigs__length_61151155	26402001	26403000	*	0.000119022812453327	0.00323643172421732	51.6666666666667
PGA_scaffold8__63_contigs__length_61151155	27612001	27613000	*	5.19054666942929e-09	8.60192187362045e-07	62.7586206896552
PGA_scaffold8__63_contigs__length_61151155	28269001	28270000	*	4.46428111872358e-38	1.44767398555477e-34	-77.8386772631771
PGA_scaffold8__63_contigs__length_61151155	35233001	35234000	*	4.87427483618334e-08	6.06357482284253e-06	56.6666666666667
PGA_scaffold8__63_contigs__length_61151155	38533001	38534000	*	6.76015026565383e-05	0.00211970581730487	54.3478260869565
PGA_scaffold8__63_contigs__length_61151155	39484001	39485000	*	2.0540451856673e-07	2.08327311024158e-05	62.6455026455026
PGA_scaffold8__63_contigs__length_61151155	43886001	43887000	*	1.08999479829817e-05	0.000520625876695289	57.1428571428571
PGA_scaffold8__63_contigs__length_61151155	45319001	45320000	*	2.39253010396422e-09	4.35274846309241e-07	-51.8518518518518
PGA_scaffold8__63_contigs__length_61151155	45467001	45468000	*	6.39633130489669e-14	2.98040083757383e-11	56.1396825396825
PGA_scaffold8__63_contigs__length_61151155	47516001	47517000	*	2.53683689370554e-10	5.94488617684345e-08	-68.4285714285714
PGA_scaffold8__63_contigs__length_61151155	50650001	50651000	*	2.24404768016388e-08	3.10104078155216e-06	-60.053050397878
PGA_scaffold8__63_contigs__length_61151155	52586001	52587000	*	2.08502881021239e-08	2.91571943830085e-06	-53.6527886881383
PGA_scaffold8__63_contigs__length_61151155	53495001	53496000	*	5.18656190128566e-07	4.50616247534712e-05	-58.3333333333333
PGA_scaffold8__63_contigs__length_61151155	54165001	54166000	*	9.4101597838791e-07	7.36745470225913e-05	50.8695652173913
PGA_scaffold8__63_contigs__length_61151155	55006001	55007000	*	3.50322773576101e-07	3.24734179292908e-05	66.6666666666667
PGA_scaffold8__63_contigs__length_61151155	56951001	56952000	*	7.2670291570942e-11	1.95717722806514e-08	-71.4285714285714
PGA_scaffold8__63_contigs__length_61151155	58507001	58508000	*	0.000417644654462177	0.00809080520058981	-55.7109557109557
PGA_scaffold8__63_contigs__length_61151155	58769001	58770000	*	8.37959706340688e-05	0.0024963676531351	57.088122605364
PGA_scaffold9__45_contigs__length_38581958	1864001	1865000	*	1.23650966006366e-13	5.52553308019743e-11	52.112676056338
PGA_scaffold9__45_contigs__length_38581958	4678001	4679000	*	6.65646821752648e-05	0.00209513460703901	53.8461538461538
PGA_scaffold9__45_contigs__length_38581958	15219001	15220000	*	1.06849919571237e-08	1.61871345907168e-06	-54.0025015634772
PGA_scaffold9__45_contigs__length_38581958	21715001	21716000	*	1.01106844209093e-08	1.54635273579379e-06	-53.0561330561331
PGA_scaffold9__45_contigs__length_38581958	26516001	26517000	*	2.58617238458944e-05	0.00101503961203994	50.7142857142857
PGA_scaffold9__45_contigs__length_38581958	29868001	29869000	*	0.000324951699220102	0.00675636115804532	-55.6410256410256
PGA_scaffold9__45_contigs__length_38581958	32183001	32184000	*	2.94045474690366e-08	3.92224115342842e-06	-61.8637992831541
PGA_scaffold9__45_contigs__length_38581958	32944001	32945000	*	0.000106943092532255	0.00299065139243171	56.3025210084034
PGA_scaffold9__45_contigs__length_38581958	33446001	33447000	*	0.000449559423845136	0.00852665866983188	59.6638655462185
PGA_scaffold9__45_contigs__length_38581958	35530001	35531000	*	8.88570864419094e-36	2.66534257978369e-32	-77.0104895104895
PGA_scaffold9__45_contigs__length_38581958	37775001	37776000	*	1.86308624780417e-05	0.000790026742789989	59.1666666666667
